
 [['날짜', '시가', '고가', '저가', '종가', '거래량', '외국인소진율'],

	
	
		
["20091214", 27000, 31050, 27000, 31050, 3861833, 0.12],
		
["20091215", 31900, 35050, 30150, 31700, 4067595, 0.44],
		
["20091216", 32150, 32750, 31350, 31950, 815744, 0.48],
		
["20091217", 31700, 33100, 31500, 32450, 776968, 0.48],
		
["20091218", 32150, 33850, 32150, 33500, 666739, 0.5],
		
["20091221", 34200, 36450, 33850, 36150, 821025, 0.59],
		
["20091222", 37800, 41550, 37100, 41550, 1554101, 0.66],
		
["20091223", 42750, 47750, 42500, 47750, 1474584, 0.65],
		
["20091224", 51100, 54700, 48050, 49250, 2035500, 0.38],
		
["20091228", 56600, 56600, 56600, 56600, 68576, 0.38],
		
["20091229", 61100, 64900, 57800, 62300, 2179387, 0.11],
		
["20091230", 60700, 61600, 56200, 57100, 1533503, 0.04],
		
["20100104", 55200, 62200, 52700, 59400, 2219720, 0.04],
		
["20100105", 59000, 62400, 56500, 56600, 866838, 0.06],
		
["20100106", 56500, 62600, 55000, 60900, 1770613, 0.25],
		
["20100107", 61300, 61600, 58600, 58600, 556639, 0.3],
		
["20100108", 60400, 67300, 59500, 67300, 1366725, 0.42],
		
["20100111", 71200, 77300, 71000, 74300, 2193834, 0.21],
		
["20100112", 73100, 77100, 69600, 72500, 2058270, 0.24],
		
["20100113", 72400, 82200, 71400, 75500, 4142694, 0.27],
		
["20100114", 77000, 80500, 76400, 78300, 2093977, 0.24],
		
["20100115", 79600, 79900, 75800, 76100, 1010958, 0.24],
		
["20100118", 80600, 87500, 80300, 87500, 1973112, 0.25],
		
["20100119", 89100, 91400, 82700, 86000, 1851605, 0.25],
		
["20100120", 88200, 96400, 86000, 89300, 1968563, 0.24],
		
["20100121", 86300, 89300, 78300, 84500, 1165146, 0.25],
		
["20100122", 81900, 87500, 81700, 85400, 656285, 0.25],
		
["20100125", 85800, 87800, 73500, 75500, 843025, 0.25],
		
["20100126", 76000, 78600, 64200, 65800, 1426384, 0.3],
		
["20100127", 67400, 71200, 62800, 69100, 1290345, 0.35],
		
["20100128", 70100, 70600, 63600, 65600, 698810, 0.35],
		
["20100129", 63900, 64500, 58700, 59000, 618039, 0.36],
		
["20100201", 59400, 67800, 59300, 67800, 1069994, 0.36],
		
["20100202", 69200, 70700, 65400, 66000, 1227818, 0.35],
		
["20100203", 67800, 69000, 66100, 67000, 371785, 0.38],
		
["20100204", 68100, 69400, 66100, 67600, 359479, 0.39],
		
["20100205", 63700, 64900, 62400, 64000, 366452, 0.38],
		
["20100208", 64900, 65300, 61000, 61600, 257773, 0.4],
		
["20100209", 61000, 64400, 60000, 64400, 417775, 0.394417],
		
["20100210", 65600, 70400, 65200, 68000, 1222109, 0.367465],
		
["20100211", 67500, 69600, 67400, 68400, 362123, 0.446033],
		
["20100212", 69600, 74700, 69000, 74000, 901655, 0.589945],
		
["20100216", 74000, 77300, 72800, 75100, 624639, 0.600662],
		
["20100217", 78000, 83800, 77700, 79200, 1171621, 0.673692],
		
["20100218", 80500, 80600, 77700, 78500, 473055, 0.752185],
		
["20100219", 78200, 80500, 77500, 78800, 520447, 0.752185],
		
["20100222", 81000, 81000, 78100, 78600, 311226, 0.801374],
		
["20100223", 78500, 79700, 77300, 78300, 229362, 0.80645],
		
["20100224", 77500, 79500, 76700, 79500, 290857, 0.894647],
		
["20100225", 80500, 80600, 77500, 77600, 254593, 0.917125],
		
["20100226", 77800, 78600, 76700, 78000, 148569, 0.917554],
		
["20100302", 78600, 78600, 75300, 76000, 279219, 0.984997],
		
["20100303", 78800, 80100, 76900, 76900, 523511, 1.01455],
		
["20100304", 79500, 80200, 77700, 80200, 496000, 1.05663],
		
["20100305", 80800, 81400, 79200, 81400, 422235, 1.04229],
		
["20100308", 81500, 82000, 80300, 82000, 308732, 1.13162],
		
["20100309", 83000, 89100, 82200, 85800, 1003489, 1.18063],
		
["20100310", 86300, 87400, 84600, 86900, 468168, 1.35033],
		
["20100311", 88100, 88300, 85500, 85600, 392177, 1.33566],
		
["20100312", 85100, 86000, 83000, 83400, 495443, 1.32334],
		
["20100315", 82400, 82600, 79300, 80600, 514708, 1.38373],
		
["20100316", 81000, 81800, 80500, 81000, 269113, 1.43397],
		
["20100317", 81100, 81600, 79800, 81500, 221765, 1.49658],
		
["20100318", 81500, 84300, 80600, 83100, 342979, 1.54762],
		
["20100319", 83900, 83900, 82300, 82900, 153870, 1.6057],
		
["20100322", 82600, 82700, 81000, 81500, 131943, 1.6344],
		
["20100323", 81800, 82800, 80900, 80900, 156509, 1.66281],
		
["20100324", 81200, 81500, 78100, 78200, 393155, 1.60503],
		
["20100325", 77600, 81500, 77100, 80500, 388916, 1.64844],
		
["20100326", 80900, 81300, 79100, 79400, 168705, 1.6524],
		
["20100329", 78100, 79900, 78100, 78600, 132177, 1.66302],
		
["20100330", 79500, 81900, 78700, 80300, 248687, 1.67352],
		
["20100331", 79300, 79900, 78000, 78000, 274495, 1.68245],
		
["20100401", 77600, 79000, 76500, 77200, 271136, 1.6658],
		
["20100402", 78000, 78000, 73100, 73300, 446335, 1.68071],
		
["20100405", 73700, 74000, 67700, 70300, 350085, 1.55473],
		
["20100406", 69800, 72300, 69700, 71900, 166680, 1.52681],
		
["20100407", 72300, 72500, 70200, 70400, 142590, 1.46539],
		
["20100408", 70600, 71100, 69400, 70100, 93686, 1.46847],
		
["20100409", 70200, 70500, 68300, 70000, 144817, 1.476],
		
["20100412", 71000, 75000, 71000, 75000, 410434, 1.46908],
		
["20100413", 75500, 75800, 72600, 73100, 167534, 1.44128],
		
["20100414", 74800, 75200, 73100, 73100, 138524, 1.44413],
		
["20100415", 72900, 73700, 70800, 71300, 125124, 1.43988],
		
["20100416", 71300, 71900, 70300, 71700, 118670, 1.44303],
		
["20100419", 70100, 70900, 70000, 70000, 71363, 1.4398],
		
["20100420", 70200, 71500, 70100, 71200, 80353, 1.44547],
		
["20100421", 72100, 72700, 71700, 72300, 96198, 1.45151],
		
["20100422", 72400, 72600, 70900, 71600, 94188, 1.4481],
		
["20100423", 72000, 73100, 71800, 72500, 108489, 1.39764],
		
["20100426", 72600, 72600, 70900, 71700, 148643, 1.29028],
		
["20100427", 71200, 79300, 71200, 78200, 878356, 1.21798],
		
["20100428", 76800, 83300, 76200, 80500, 790219, 1.21682],
		
["20100429", 81500, 83100, 79100, 80900, 318876, 1.23792],
		
["20100430", 81500, 81600, 79800, 81400, 255711, 1.242],
		
["20100503", 82000, 84400, 80900, 83000, 442521, 1.24176],
		
["20100504", 84200, 85500, 83100, 85000, 365309, 1.24175],
		
["20100506", 83200, 85400, 82200, 85000, 247832, 1.28969],
		
["20100507", 83100, 83900, 81900, 83700, 228898, 1.29651],
		
["20100510", 84100, 88600, 84000, 87900, 356372, 1.2968],
		
["20100511", 88200, 88600, 83300, 85300, 469426, 1.29694],
		
["20100512", 85300, 85500, 83400, 84900, 163260, 1.2814],
		
["20100513", 84800, 86900, 83400, 86400, 309074, 1.3721],
		
["20100514", 85800, 87200, 84100, 86100, 142629, 1.36986],
		
["20100517", 85800, 85800, 80300, 80300, 158351, 1.3219],
		
["20100518", 81900, 83800, 80700, 83000, 202389, 1.34305],
		
["20100519", 82100, 85800, 81900, 85600, 187060, 1.34653],
		
["20100520", 85600, 86900, 81100, 81900, 150268, 1.31634],
		
["20100524", 80000, 81400, 77700, 80700, 86724, 1.32381],
		
["20100525", 80300, 80300, 76300, 78600, 107650, 1.29116],
		
["20100526", 78300, 80800, 77800, 80100, 51391, 1.2956],
		
["20100527", 79900, 85300, 79100, 84800, 160879, 1.29874],
		
["20100528", 84600, 85900, 84100, 85800, 126138, 1.29805],
		
["20100531", 85400, 97200, 84000, 96700, 660895, 1.2922],
		
["20100601", 96400, 101500, 95000, 95000, 865205, 1.28973],
		
["20100603", 95200, 96400, 92800, 93700, 244380, 1.26692],
		
["20100604", 93600, 98400, 93600, 94100, 399939, 1.24498],
		
["20100607", 91600, 98200, 91600, 98200, 273868, 1.27541],
		
["20100608", 99500, 102000, 96900, 99600, 255004, 1.14035],
		
["20100609", 100500, 112500, 99200, 106500, 841529, 1.14279],
		
["20100610", 106500, 109000, 103000, 108000, 272424, 1.1297],
		
["20100611", 107000, 108000, 99800, 103500, 523917, 1.13246],
		
["20100614", 103500, 107500, 102000, 107500, 170204, 1.13873],
		
["20100615", 106500, 109500, 97200, 99300, 640438, 1.13607],
		
["20100616", 100500, 102000, 96200, 100000, 387100, 1.15104],
		
["20100617", 100000, 101500, 97300, 97300, 181132, 1.14306],
		
["20100618", 96500, 101000, 96200, 100000, 218674, 1.15652],
		
["20100621", 102000, 106500, 101000, 106000, 271876, 1.14955],
		
["20100622", 104500, 114000, 104500, 110500, 482905, 1.3357],
		
["20100623", 112500, 113000, 108000, 109500, 222472, 1.44004],
		
["20100624", 109500, 119000, 108500, 115000, 328785, 1.49743],
		
["20100625", 114500, 119500, 113000, 115000, 241378, 1.71325],
		
["20100628", 117000, 122000, 114500, 116000, 364720, 1.75626],
		
["20100629", 117000, 118500, 109000, 110500, 264573, 1.71097],
		
["20100630", 107500, 115000, 107500, 114500, 161729, 1.70244],
		
["20100701", 113000, 117500, 110000, 112500, 247867, 1.74481],
		
["20100702", 113500, 115500, 105000, 110000, 171684, 1.62054],
		
["20100705", 111500, 118500, 108000, 118500, 240186, 1.62582],
		
["20100706", 118000, 121500, 117000, 118000, 194765, 1.61534],
		
["20100707", 119500, 123000, 118000, 121000, 153418, 1.37227],
		
["20100708", 122000, 123000, 117000, 119500, 151353, 1.31035],
		
["20100709", 120000, 120500, 115000, 115500, 172064, 1.34472],
		
["20100712", 116000, 118000, 115500, 116500, 78319, 1.34566],
		
["20100713", 118000, 121000, 116500, 117500, 164664, 1.32842],
		
["20100714", 119000, 120500, 114000, 119500, 208222, 1.31175],
		
["20100715", 120000, 121500, 119000, 119500, 121331, 1.30504],
		
["20100716", 121000, 121500, 116500, 119000, 91364, 1.31544],
		
["20100719", 120500, 125000, 120500, 123500, 247379, 1.3183],
		
["20100720", 124500, 124500, 121500, 123500, 70289, 1.30321],
		
["20100721", 123500, 123500, 119000, 120500, 121723, 1.30739],
		
["20100722", 120000, 122500, 117000, 118000, 106187, 1.32341],
		
["20100723", 119500, 120000, 112500, 117000, 170794, 1.34829],
		
["20100726", 115000, 117000, 113500, 114000, 129951, 1.3278],
		
["20100727", 115000, 117000, 110000, 110500, 186022, 1.315],
		
["20100728", 111000, 113000, 107000, 108000, 149883, 1.33007],
		
["20100729", 109000, 110000, 104500, 105500, 146030, 1.34251],
		
["20100730", 105000, 110000, 104500, 109000, 135913, 1.31565],
		
["20100802", 111000, 111000, 108000, 110500, 95534, 1.2813],
		
["20100803", 112000, 114000, 111500, 112000, 72658, 1.27547],
		
["20100804", 110500, 111000, 107500, 108000, 80387, 1.27486],
		
["20100805", 109000, 112000, 107500, 112000, 76209, 1.27147],
		
["20100806", 113000, 113000, 108500, 111500, 62785, 1.26159],
		
["20100809", 112000, 112000, 109000, 109500, 44141, 1.26536],
		
["20100810", 109000, 109500, 101500, 101500, 212849, 1.27225],
		
["20100811", 103000, 109000, 102500, 106000, 260186, 1.27225],
		
["20100812", 103500, 106000, 102500, 103000, 71614, 1.2744],
		
["20100813", 104000, 106000, 103000, 106000, 49363, 1.27327],
		
["20100816", 108000, 111000, 107500, 108000, 113351, 1.34651],
		
["20100817", 108000, 111000, 108000, 111000, 70527, 1.40106],
		
["20100818", 111500, 112500, 109500, 112000, 63722, 1.41014],
		
["20100819", 111000, 112000, 109500, 110500, 50995, 1.41157],
		
["20100820", 110500, 114000, 109000, 112500, 107109, 1.40843],
		
["20100823", 112500, 113000, 110500, 110500, 35432, 1.40788],
		
["20100824", 109500, 110500, 103500, 104500, 114987, 1.41449],
		
["20100825", 103000, 107500, 103000, 105000, 66042, 1.41553],
		
["20100826", 106000, 107000, 101500, 102500, 93278, 1.41262],
		
["20100827", 101000, 107000, 101000, 105000, 72730, 1.37959],
		
["20100830", 104500, 106000, 104500, 105000, 50120, 1.40712],
		
["20100831", 104500, 110500, 103500, 108000, 109498, 1.4125],
		
["20100901", 109500, 114000, 108000, 114000, 129567, 1.418],
		
["20100902", 115500, 121500, 112000, 118000, 258133, 1.34345],
		
["20100903", 118000, 120500, 116500, 117500, 121647, 1.29789],
		
["20100906", 118000, 119500, 114500, 116500, 41578, 1.30294],
		
["20100907", 116500, 121000, 114000, 114500, 74538, 1.30877],
		
["20100908", 116000, 117000, 114000, 116500, 39784, 1.3164],
		
["20100909", 115500, 126500, 115000, 125500, 256581, 1.27261],
		
["20100910", 126000, 135500, 123000, 130000, 299349, 1.21772],
		
["20100913", 130500, 133000, 128500, 131000, 113932, 1.23475],
		
["20100914", 131500, 132500, 124000, 126000, 147778, 1.25633],
		
["20100915", 127000, 129000, 123000, 129000, 92679, 1.27649],
		
["20100916", 131500, 132500, 125500, 125500, 141526, 1.28284],
		
["20100917", 127000, 130000, 123500, 130000, 159720, 1.34689],
		
["20100920", 132000, 133000, 129000, 131500, 139748, 1.44579],
		
["20100924", 131500, 139500, 130500, 137000, 152233, 1.50373],
		
["20100927", 140500, 142000, 137000, 138500, 119472, 1.53821],
		
["20100928", 138500, 140000, 137000, 139000, 74948, 1.52462],
		
["20100929", 138500, 141500, 137500, 139500, 89033, 1.51793],
		
["20100930", 138000, 141000, 137500, 141000, 48699, 1.54193],
		
["20101001", 141500, 141500, 135000, 139500, 88492, 1.57902],
		
["20101004", 139000, 139000, 129500, 129500, 168200, 1.5702],
		
["20101005", 130000, 134000, 124500, 130500, 215645, 1.54634],
		
["20101006", 133500, 133500, 123000, 124500, 228986, 1.53977],
		
["20101007", 124000, 126500, 120500, 122000, 193531, 1.57338],
		
["20101008", 123500, 126500, 122500, 125000, 118277, 1.63059],
		
["20101011", 127000, 129500, 120500, 121000, 258262, 1.62327],
		
["20101012", 121000, 122500, 113500, 116500, 267163, 1.59507],
		
["20101013", 118000, 119000, 116500, 117000, 99884, 1.59366],
		
["20101014", 117500, 123000, 117500, 122500, 196136, 1.64609],
		
["20101015", 122000, 124500, 121000, 124500, 91532, 1.62915],
		
["20101018", 124000, 124000, 120000, 120500, 109635, 1.62375],
		
["20101019", 123000, 127500, 121500, 122500, 215613, 1.63659],
		
["20101020", 121000, 124000, 120000, 123500, 83746, 1.61986],
		
["20101021", 125000, 125500, 123000, 124000, 69555, 1.65627],
		
["20101022", 124500, 125000, 122000, 124000, 77992, 1.65825],
		
["20101025", 123000, 124500, 116000, 121000, 209532, 1.67977],
		
["20101026", 120500, 125500, 118500, 122000, 119329, 1.69608],
		
["20101027", 123500, 129000, 123000, 129000, 197455, 1.64341],
		
["20101028", 130000, 131000, 127500, 128500, 114469, 1.62607],
		
["20101029", 130500, 133000, 129000, 131500, 156406, 1.59069],
		
["20101101", 133000, 133000, 127000, 130500, 129817, 1.58359],
		
["20101102", 128500, 132500, 127000, 132000, 106932, 1.57098],
		
["20101103", 132000, 133500, 129000, 129000, 80349, 1.57119],
		
["20101104", 130000, 130000, 127500, 129000, 66140, 1.56879],
		
["20101105", 131000, 131000, 126000, 128000, 95285, 1.50862],
		
["20101108", 128000, 128500, 126500, 127000, 48911, 1.48009],
		
["20101109", 128500, 133000, 124500, 133000, 221840, 1.43119],
		
["20101110", 133000, 138500, 133000, 134000, 280930, 1.4602],
		
["20101111", 134000, 135000, 128000, 128000, 210104, 1.42857],
		
["20101112", 128000, 131500, 124000, 127500, 176960, 1.43789],
		
["20101115", 119500, 120500, 108500, 112000, 593710, 1.4542],
		
["20101116", 111000, 114000, 109000, 110000, 231328, 1.49051],
		
["20101117", 107000, 112500, 106000, 109500, 114609, 1.47888],
		
["20101118", 109500, 115000, 109500, 114500, 98142, 1.46425],
		
["20101119", 114000, 115500, 112000, 113000, 76277, 1.44664],
		
["20101122", 113000, 113500, 106500, 107000, 228681, 1.43991],
		
["20101123", 108500, 109000, 105500, 107000, 132275, 1.43803],
		
["20101124", 102500, 106000, 101500, 102500, 247344, 1.457],
		
["20101125", 103000, 103500, 98700, 99000, 370913, 1.44191],
		
["20101126", 98700, 100000, 93500, 93700, 433927, 1.50397],
		
["20101129", 93200, 94500, 88600, 90500, 443377, 1.51652],
		
["20101130", 91500, 94700, 91200, 94600, 271828, 1.5029],
		
["20101201", 95800, 106500, 95700, 105000, 654668, 1.80289],
		
["20101202", 107500, 107500, 101000, 102000, 308806, 1.794],
		
["20101203", 103000, 106500, 100500, 101000, 202384, 1.7852],
		
["20101206", 95000, 96300, 91700, 92000, 502010, 1.79442],
		
["20101207", 94500, 98000, 93200, 94500, 358966, 1.85614],
		
["20101208", 95900, 99200, 95700, 98400, 244574, 1.95835],
		
["20101209", 98700, 100500, 97100, 98000, 167194, 1.9722],
		
["20101210", 98100, 98900, 96500, 97000, 122090, 1.98104],
		
["20101213", 96600, 98700, 96000, 97600, 116332, 1.98609],
		
["20101214", 98500, 98500, 97000, 97300, 121588, 2.02979],
		
["20101215", 97900, 97900, 96600, 96900, 79919, 2.02275],
		
["20101216", 96000, 96500, 93500, 94000, 244150, 1.98479],
		
["20101217", 94500, 96400, 92500, 94200, 199934, 1.99177],
		
["20101220", 92600, 92800, 90700, 91400, 189192, 1.99495],
		
["20101221", 92500, 94400, 92400, 92800, 126948, 1.99859],
		
["20101222", 93700, 95000, 93300, 94200, 128500, 1.99784],
		
["20101223", 93700, 94300, 91200, 91700, 194997, 1.96491],
		
["20101224", 90900, 91300, 89300, 90000, 147110, 1.97047],
		
["20101227", 90000, 92400, 88600, 90100, 138087, 1.98048],
		
["20101228", 90500, 92300, 90300, 90700, 91872, 1.98469],
		
["20101229", 90700, 92300, 90700, 91500, 86825, 2.05104],
		
["20101230", 91700, 91700, 90400, 90500, 82089, 2.02108],
		
["20110103", 90700, 90900, 89200, 89700, 98569, 2.01435],
		
["20110104", 91100, 92700, 89700, 91800, 217433, 2.00809],
		
["20110105", 92000, 93500, 90900, 92200, 182728, 2.02867],
		
["20110106", 92300, 92800, 90500, 90800, 120230, 2.04032],
		
["20110107", 90100, 90800, 89800, 90700, 111662, 2.04643],
		
["20110110", 91800, 93500, 91000, 92800, 211209, 2.04731],
		
["20110111", 93200, 93300, 91400, 92400, 90795, 2.04218],
		
["20110112", 92500, 94300, 91500, 92900, 156248, 2.04044],
		
["20110113", 92700, 92700, 91100, 91400, 95232, 2.04028],
		
["20110114", 92500, 96000, 92100, 95800, 373605, 2.09213],
		
["20110117", 97200, 97200, 94500, 94700, 226399, 2.08162],
		
["20110118", 94300, 95500, 93000, 93600, 164122, 2.04981],
		
["20110119", 94100, 94400, 92500, 93800, 98661, 2.09558],
		
["20110120", 93600, 95300, 93100, 93500, 114638, 2.06467],
		
["20110121", 93600, 94900, 91000, 91100, 137731, 2.02549],
		
["20110124", 90600, 91500, 90300, 90300, 101223, 2.02509],
		
["20110125", 90500, 90700, 89900, 90100, 89472, 2.04963],
		
["20110126", 90100, 90500, 89000, 90000, 131240, 2.03402],
		
["20110127", 89600, 90500, 88600, 88700, 159019, 1.99864],
		
["20110128", 88500, 89200, 84300, 84300, 313560, 1.95161],
		
["20110131", 82000, 82000, 77900, 78100, 351751, 2.04661],
		
["20110201", 78400, 81000, 78400, 78800, 131795, 2.06239],
		
["20110207", 80000, 81100, 79000, 79600, 89379, 2.10434],
		
["20110208", 80200, 80600, 79000, 79700, 62477, 2.11789],
		
["20110209", 80400, 81500, 78000, 80300, 114008, 2.15851],
		
["20110210", 80200, 80200, 78400, 79500, 71218, 2.20024],
		
["20110211", 79300, 80300, 78200, 78200, 59691, 2.2434],
		
["20110214", 78000, 79400, 78000, 78200, 58637, 2.26863],
		
["20110215", 77200, 78000, 75900, 77100, 103496, 2.35628],
		
["20110216", 77200, 77500, 76200, 77000, 78370, 2.42077],
		
["20110217", 76300, 77300, 72900, 73700, 152915, 2.57035],
		
["20110218", 72600, 79500, 71900, 78500, 199442, 2.65288],
		
["20110221", 79400, 79400, 77000, 77000, 69542, 2.62671],
		
["20110222", 76200, 76200, 73400, 73800, 94295, 2.65873],
		
["20110223", 72800, 74500, 72800, 74200, 49862, 2.6845],
		
["20110224", 74600, 85300, 74600, 85300, 597691, 2.73036],
		
["20110225", 86000, 88700, 81700, 84500, 678586, 2.90114],
		
["20110228", 84500, 84900, 80500, 81400, 218920, 3.00762],
		
["20110302", 83000, 86800, 81700, 81700, 337038, 3.06671],
		
["20110303", 83200, 85500, 82000, 83700, 262016, 3.08512],
		
["20110304", 84500, 87500, 82800, 86200, 251193, 3.22102],
		
["20110307", 86200, 89000, 86200, 88400, 240962, 3.18517],
		
["20110308", 88900, 89000, 85500, 88400, 149230, 3.20023],
		
["20110309", 89000, 96100, 89000, 92800, 644450, 3.12249],
		
["20110310", 93700, 96500, 92800, 95700, 331619, 3.24272],
		
["20110311", 95100, 97500, 92100, 92300, 273682, 3.25826],
		
["20110314", 85000, 89600, 78500, 78700, 782418, 3.45891],
		
["20110315", 75100, 78500, 66900, 68700, 1442959, 3.20566],
		
["20110316", 69900, 73100, 68600, 71200, 799495, 3.22334],
		
["20110317", 67400, 70200, 66600, 69300, 432502, 3.26044],
		
["20110318", 70500, 72100, 69600, 71000, 401760, 3.27806],
		
["20110321", 72900, 80000, 72800, 77600, 596085, 3.26294],
		
["20110322", 79200, 80000, 75200, 76000, 355111, 3.21272],
		
["20110323", 77800, 78500, 75900, 76000, 151909, 3.14435],
		
["20110324", 76800, 76900, 73800, 74700, 180067, 3.14123],
		
["20110325", 74700, 76000, 73500, 75000, 118682, 3.14427],
		
["20110328", 73500, 75000, 72000, 72200, 187987, 3.18757],
		
["20110329", 71300, 71800, 69700, 70700, 254784, 3.12266],
		
["20110330", 71200, 75600, 70800, 73000, 296798, 3.11568],
		
["20110331", 73900, 74600, 72100, 73300, 88983, 3.13346],
		
["20110401", 73900, 75400, 72500, 74400, 176685, 3.12895],
		
["20110404", 75100, 75300, 72800, 72900, 167760, 3.04922],
		
["20110405", 73000, 73600, 71600, 72300, 134310, 2.96771],
		
["20110406", 72600, 73400, 72000, 72900, 190143, 2.88572],
		
["20110407", 72500, 73600, 71700, 73200, 162284, 2.81719],
		
["20110408", 73600, 75000, 73200, 74000, 187090, 2.81174],
		
["20110411", 78200, 79900, 74600, 75300, 270103, 2.82235],
		
["20110412", 75400, 77000, 75100, 75700, 113240, 2.86896],
		
["20110413", 75100, 75700, 73700, 74600, 109095, 2.89861],
		
["20110414", 73800, 74400, 72900, 73800, 101838, 2.95724],
		
["20110415", 73800, 75700, 73800, 75200, 94399, 3.00585],
		
["20110418", 75300, 75700, 71800, 72800, 135885, 3.02551],
		
["20110419", 71900, 73600, 71900, 72500, 71136, 3.05788],
		
["20110420", 73300, 73400, 72300, 72900, 99395, 3.13846],
		
["20110421", 72900, 73000, 71000, 71900, 166607, 3.15358],
		
["20110422", 72000, 72000, 70300, 70700, 153266, 3.18496],
		
["20110425", 71300, 71400, 70300, 70400, 89533, 3.21044],
		
["20110426", 70300, 70500, 67600, 68200, 226738, 3.26908],
		
["20110427", 68400, 71100, 68300, 70900, 168105, 3.38193],
		
["20110428", 71400, 71800, 67500, 68700, 97194, 3.39124],
		
["20110429", 69400, 70000, 68100, 70000, 76693, 3.42958],
		
["20110502", 70000, 71200, 69500, 70000, 128647, 3.43299],
		
["20110503", 69000, 70800, 68600, 69200, 91777, 3.42538],
		
["20110504", 69500, 70400, 68000, 69500, 103940, 3.43933],
		
["20110506", 69400, 70700, 68700, 69000, 142115, 3.40629],
		
["20110509", 69000, 70300, 68300, 68400, 71593, 3.42091],
		
["20110511", 68400, 69400, 68000, 68600, 81911, 3.49979],
		
["20110512", 68200, 69000, 68100, 68600, 40705, 3.53341],
		
["20110513", 69400, 69800, 68500, 68600, 52573, 3.56453],
		
["20110516", 68100, 69500, 68000, 68000, 52651, 3.58975],
		
["20110517", 68200, 68500, 67500, 67900, 48143, 3.61155],
		
["20110518", 68300, 71000, 67800, 67900, 105034, 3.59151],
		
["20110519", 67800, 68300, 66400, 67000, 69616, 3.5906],
		
["20110520", 66500, 67000, 65900, 66000, 62800, 3.58107],
		
["20110523", 65300, 65800, 63000, 63000, 95218, 3.64212],
		
["20110524", 62200, 62900, 61800, 61900, 57731, 3.66071],
		
["20110525", 61500, 63700, 61200, 62500, 81663, 3.69576],
		
["20110526", 62400, 63500, 62200, 62300, 65403, 3.69976],
		
["20110527", 62900, 66200, 62500, 65200, 76465, 3.70458],
		
["20110530", 65300, 65500, 63800, 63800, 42751, 3.71428],
		
["20110531", 63000, 63400, 58900, 59800, 251970, 3.72653],
		
["20110601", 60000, 61200, 58700, 58700, 190796, 3.713],
		
["20110602", 58100, 60300, 56800, 57500, 141474, 3.71684],
		
["20110603", 58300, 58600, 56100, 56100, 119142, 3.73407],
		
["20110607", 55000, 55400, 52000, 53300, 208321, 3.82049],
		
["20110608", 52400, 54500, 52400, 54500, 138058, 3.89174],
		
["20110609", 54200, 56300, 53800, 55000, 184419, 3.79417],
		
["20110610", 55500, 56200, 53900, 54700, 92325, 3.8199],
		
["20110613", 53400, 54500, 52100, 52600, 94793, 3.85333],
		
["20110614", 51700, 52400, 49650, 51600, 163530, 3.88536],
		
["20110615", 51300, 56200, 51100, 55000, 171735, 3.92787],
		
["20110616", 54500, 56900, 53700, 56000, 159823, 3.92181],
		
["20110617", 56300, 56300, 53100, 54100, 110515, 3.91668],
		
["20110620", 53700, 54700, 52900, 52900, 45390, 3.91535],
		
["20110621", 52500, 54400, 52500, 53300, 43566, 3.91813],
		
["20110622", 54500, 55900, 53800, 55000, 80070, 3.93879],
		
["20110623", 55000, 57500, 54300, 56000, 91680, 3.89758],
		
["20110624", 56500, 58300, 56500, 58000, 69367, 3.89913],
		
["20110627", 57200, 58500, 56200, 58200, 35618, 3.88681],
		
["20110628", 59400, 60800, 58500, 58500, 117654, 3.84054],
		
["20110629", 59200, 60100, 58600, 59700, 51599, 3.81987],
		
["20110630", 60200, 60300, 58700, 60000, 42988, 3.8117],
		
["20110701", 59700, 63300, 59400, 62200, 149147, 3.75358],
		
["20110704", 62800, 65400, 61100, 65400, 117813, 3.73937],
		
["20110705", 66300, 70800, 65500, 68000, 211013, 3.73109],
		
["20110706", 68500, 69600, 66300, 67000, 92102, 3.71977],
		
["20110707", 67000, 68600, 66500, 67600, 82226, 3.72763],
		
["20110708", 67800, 69200, 67600, 68000, 68444, 3.73215],
		
["20110711", 69000, 69000, 67700, 68100, 61350, 3.71278],
		
["20110712", 66200, 67200, 63700, 64600, 83753, 3.73498],
		
["20110713", 64300, 66600, 64200, 65300, 69470, 3.72181],
		
["20110714", 65300, 66800, 63900, 65800, 58561, 3.70335],
		
["20110715", 65200, 69000, 65200, 68900, 101597, 3.69148],
		
["20110718", 69700, 69700, 66900, 68200, 73898, 3.66435],
		
["20110719", 69000, 69700, 68300, 69000, 118514, 3.5969],
		
["20110720", 70100, 72900, 70100, 72900, 251138, 3.54441],
		
["20110721", 73100, 73800, 71500, 72500, 94862, 3.53147],
		
["20110722", 71700, 76400, 71700, 75500, 227680, 3.40189],
		
["20110725", 77000, 79500, 76900, 77900, 272686, 3.32291],
		
["20110726", 77000, 77300, 74400, 76400, 199083, 3.271],
		
["20110727", 77000, 77400, 73500, 76700, 149172, 3.16855],
		
["20110728", 75000, 77800, 74800, 77000, 146819, 3.16592],
		
["20110729", 77800, 77800, 75000, 75000, 84158, 3.15609],
		
["20110801", 75000, 76300, 75000, 75900, 51236, 3.17416],
		
["20110802", 75000, 78600, 73100, 73100, 132261, 3.16884],
		
["20110803", 71700, 72800, 69700, 70300, 116313, 3.129],
		
["20110804", 70000, 71900, 67400, 68000, 78053, 3.13756],
		
["20110805", 63000, 67000, 62700, 64600, 106969, 3.16645],
		
["20110808", 62500, 65200, 58000, 60100, 176777, 3.18708],
		
["20110809", 57000, 59900, 52500, 56300, 252879, 3.24532],
		
["20110810", 60800, 60900, 57500, 58400, 209727, 3.20971],
		
["20110811", 55000, 59400, 54200, 58300, 111653, 3.1961],
		
["20110812", 59600, 62200, 59300, 60300, 139177, 3.19216],
		
["20110816", 62600, 63600, 62100, 63300, 91159, 3.14534],
		
["20110817", 63300, 67400, 62600, 66000, 86941, 3.12084],
		
["20110818", 66100, 67100, 63100, 63400, 75928, 3.11081],
		
["20110819", 61200, 62200, 59600, 60000, 96886, 3.15723],
		
["20110822", 60000, 62300, 59000, 60800, 68836, 3.1415],
		
["20110823", 61900, 63000, 61300, 61500, 70184, 3.16324],
		
["20110824", 62400, 63500, 59700, 60700, 61974, 3.17879],
		
["20110825", 60800, 62200, 59700, 60700, 58344, 3.17786],
		
["20110826", 60600, 61700, 59900, 61300, 51711, 3.18382],
		
["20110829", 62000, 62300, 60400, 61900, 102192, 3.20722],
		
["20110830", 62900, 63000, 61200, 61400, 69076, 3.23676],
		
["20110831", 61200, 63000, 61200, 63000, 57654, 3.25906],
		
["20110901", 63000, 66000, 62600, 62700, 91380, 3.26979],
		
["20110902", 63300, 64500, 62000, 64200, 50695, 3.27786],
		
["20110905", 63200, 63800, 61200, 61200, 44184, 3.27818],
		
["20110906", 60200, 60500, 58600, 59200, 94376, 3.2984],
		
["20110907", 60300, 61000, 59500, 60600, 43053, 3.31192],
		
["20110908", 61100, 62000, 59200, 60500, 50848, 3.31769],
		
["20110909", 59700, 60400, 58500, 58700, 77696, 3.36599],
		
["20110914", 56800, 57800, 55800, 56000, 71469, 3.37897],
		
["20110915", 57200, 57400, 52900, 54200, 144538, 3.40942],
		
["20110916", 56800, 56800, 55000, 56500, 104377, 3.48343],
		
["20110919", 55200, 57900, 54500, 56300, 82966, 3.48574],
		
["20110920", 57100, 57900, 56100, 56700, 50082, 3.4677],
		
["20110921", 57000, 57200, 56100, 56800, 55873, 3.47619],
		
["20110922", 55500, 55800, 54500, 54600, 52134, 3.48227],
		
["20110923", 52600, 52900, 50600, 51200, 61218, 3.46998],
		
["20110926", 50800, 52800, 46100, 46100, 84091, 3.46234],
		
["20110927", 48300, 48850, 47000, 47200, 54699, 3.45621],
		
["20110928", 47300, 48000, 46050, 46500, 63933, 3.49415],
		
["20110929", 45500, 47900, 45050, 47900, 72331, 3.50179],
		
["20110930", 48500, 49400, 47550, 49300, 55541, 3.51199],
		
["20111004", 47000, 47350, 45450, 46350, 64128, 3.49715],
		
["20111005", 46400, 46900, 45050, 45850, 58073, 3.51374],
		
["20111006", 46600, 52700, 46600, 52100, 105948, 3.51958],
		
["20111007", 54700, 57500, 53800, 55300, 112740, 3.48743],
		
["20111010", 56100, 56700, 53700, 54800, 59593, 3.46662],
		
["20111011", 55900, 59600, 55900, 57300, 82090, 3.46991],
		
["20111012", 56500, 59000, 56500, 58500, 51714, 3.45962],
		
["20111013", 59800, 63300, 58600, 62400, 97326, 3.46576],
		
["20111014", 62500, 65200, 60000, 64500, 145384, 3.38925],
		
["20111017", 64500, 65200, 62900, 64500, 75096, 3.35701],
		
["20111018", 62100, 62900, 61300, 62500, 80873, 3.36974],
		
["20111019", 62900, 63000, 61100, 62600, 53689, 3.36405],
		
["20111020", 62500, 62500, 60000, 60000, 59099, 3.36338],
		
["20111021", 60300, 61900, 58800, 60500, 91203, 3.36143],
		
["20111024", 61300, 67400, 61300, 66400, 132534, 3.35716],
		
["20111025", 66000, 67400, 65500, 66000, 87231, 3.30929],
		
["20111026", 64600, 69500, 64600, 69400, 78137, 3.32294],
		
["20111027", 70500, 71200, 68100, 68800, 70321, 3.30364],
		
["20111028", 70000, 70900, 67000, 68800, 75467, 3.28393],
		
["20111031", 68800, 68800, 65200, 65200, 97313, 3.21378],
		
["20111101", 64500, 67400, 64100, 65700, 71456, 3.19799],
		
["20111102", 63200, 75500, 62600, 75500, 440736, 3.00438],
		
["20111103", 75400, 85000, 74800, 77800, 751102, 2.78848],
		
["20111104", 79900, 84200, 79900, 81100, 297937, 2.81469],
		
["20111107", 90500, 93200, 88000, 93200, 862344, 2.58113],
		
["20111108", 91400, 93900, 89100, 90700, 371346, 2.58009],
		
["20111109", 89300, 90800, 78800, 80200, 853638, 2.57289],
		
["20111110", 78000, 81900, 76000, 81200, 461262, 2.616],
		
["20111111", 82000, 82700, 76200, 78300, 342476, 2.55789],
		
["20111114", 78500, 82200, 77000, 81600, 313058, 2.58419],
		
["20111115", 81300, 90000, 79500, 80200, 818108, 2.51855],
		
["20111116", 82000, 85500, 78800, 79100, 269527, 2.48695],
		
["20111117", 80200, 88000, 79400, 87800, 482359, 2.56698],
		
["20111118", 86200, 89300, 85200, 87800, 268433, 2.49259],
		
["20111121", 88800, 90300, 85300, 86100, 144404, 2.46027],
		
["20111122", 90000, 91900, 88200, 90700, 374261, 2.46606],
		
["20111123", 91000, 91600, 88100, 91000, 178929, 2.42793],
		
["20111124", 90300, 90500, 88100, 88800, 124812, 2.39401],
		
["20111125", 87600, 90600, 86200, 88900, 136273, 2.35911],
		
["20111128", 89500, 91000, 87900, 89600, 85654, 2.35247],
		
["20111129", 87300, 88900, 84000, 86300, 1635270, 2.59968],
		
["20111130", 87000, 88600, 85100, 85500, 208146, 2.67245],
		
["20111201", 87200, 87900, 83200, 84500, 277600, 2.62021],
		
["20111202", 84300, 88700, 83600, 87500, 213388, 2.66881],
		
["20111205", 87200, 88400, 86500, 87400, 96922, 2.64853],
		
["20111206", 87000, 87700, 84200, 85300, 113586, 2.59793],
		
["20111207", 85700, 86300, 83600, 85000, 132208, 2.58102],
		
["20111208", 84600, 88100, 84300, 88100, 154086, 2.52054],
		
["20111209", 89600, 91700, 87200, 88200, 276868, 2.36177],
		
["20111212", 90000, 97600, 87300, 95000, 531645, 2.33141],
		
["20111213", 95000, 100000, 94700, 98000, 542312, 2.16562],
		
["20111214", 98500, 102000, 93500, 99000, 409955, 2.08234],
		
["20111215", 98900, 101000, 95300, 97200, 291418, 2.05952],
		
["20111216", 97300, 101000, 95600, 99700, 230205, 2.0632],
		
["20111219", 101000, 101000, 92000, 97000, 166536, 2.05354],
		
["20111220", 97600, 98400, 95000, 97800, 84662, 2.05107],
		
["20111221", 98400, 99500, 96200, 97200, 118569, 2.05651],
		
["20111222", 97100, 97600, 93500, 94500, 175722, 2.03056],
		
["20111223", 96500, 96500, 93500, 94400, 130383, 2.07047],
		
["20111226", 94400, 95400, 92700, 93200, 76689, 2.08267],
		
["20111227", 93300, 96900, 93300, 95600, 161243, 2.10603],
		
["20111228", 94600, 96000, 94100, 94100, 56296, 2.0921],
		
["20111229", 94000, 94900, 92200, 92600, 106837, 2.12087],
		
["20120102", 93000, 94300, 90300, 93000, 112992, 2.12375],
		
["20120103", 93400, 95800, 92700, 93200, 102893, 2.12057],
		
["20120104", 94000, 94300, 91100, 91200, 121444, 2.18854],
		
["20120105", 90100, 91500, 88800, 89100, 170248, 2.16843],
		
["20120106", 89400, 90000, 85400, 88000, 210030, 2.24833],
		
["20120109", 87100, 87800, 85300, 87000, 83018, 2.25186],
		
["20120110", 87600, 91500, 87600, 90400, 149218, 2.2385],
		
["20120111", 89300, 90700, 87400, 87500, 92114, 2.34398],
		
["20120112", 88600, 88600, 85000, 85500, 100520, 2.35015],
		
["20120113", 87400, 87400, 85200, 86900, 107477, 2.37097],
		
["20120116", 86100, 87200, 85400, 87200, 49132, 2.36054],
		
["20120117", 88500, 91600, 87300, 91000, 128382, 2.35129],
		
["20120118", 91300, 92500, 88800, 89800, 67273, 2.31877],
		
["20120119", 92800, 95400, 91900, 92100, 159035, 2.31249],
		
["20120120", 93800, 94700, 92600, 93700, 112286, 2.32378],
		
["20120125", 94700, 94700, 90300, 90300, 93660, 2.319],
		
["20120126", 91100, 92900, 89100, 92500, 104020, 2.34593],
		
["20120127", 92500, 93000, 90000, 90300, 91436, 2.35844],
		
["20120130", 90400, 91300, 87100, 88200, 141299, 2.33796],
		
["20120131", 89300, 93500, 89300, 93000, 250421, 2.3427],
		
["20120201", 94600, 99400, 92600, 98200, 274845, 2.29175],
		
["20120202", 103000, 104500, 97200, 97300, 208683, 2.30779],
		
["20120203", 98300, 101000, 95100, 100000, 241466, 2.2494],
		
["20120206", 100500, 101000, 96100, 97700, 220111, 2.24565],
		
["20120207", 97100, 100000, 96300, 99800, 124324, 2.27645],
		
["20120208", 101000, 114000, 100000, 109500, 651807, 2.19827],
		
["20120209", 109500, 110000, 105000, 107000, 327151, 1.96575],
		
["20120210", 109500, 116500, 107000, 115500, 472500, 1.9127],
		
["20120213", 116500, 119000, 113000, 117500, 292430, 1.90023],
		
["20120214", 118000, 118500, 113000, 117500, 206560, 1.86201],
		
["20120215", 116500, 119500, 114500, 119000, 125044, 1.83857],
		
["20120216", 117500, 128000, 116500, 120000, 264794, 1.79246],
		
["20120217", 120000, 124500, 115000, 115000, 187023, 1.76014],
		
["20120220", 115500, 116500, 109000, 111500, 247596, 1.824],
		
["20120221", 110500, 114500, 108500, 114000, 124497, 1.82014],
		
["20120222", 112000, 114500, 110000, 110000, 86732, 1.80297],
		
["20120223", 108000, 110500, 102000, 106000, 385288, 1.87333],
		
["20120224", 106000, 107500, 103000, 106500, 139915, 1.91543],
		
["20120227", 105000, 110500, 104000, 106000, 132185, 1.91864],
		
["20120228", 106000, 107500, 99500, 103000, 191197, 1.95087],
		
["20120229", 103000, 105000, 100500, 103000, 155151, 2.01097],
		
["20120302", 103500, 108000, 103500, 103500, 110278, 2.02477],
		
["20120305", 104000, 105000, 100500, 101000, 113158, 2.08665],
		
["20120306", 101000, 106500, 100500, 105500, 171251, 2.05049],
		
["20120307", 103000, 108000, 103000, 104000, 193286, 1.9672],
		
["20120308", 105000, 109500, 103500, 109500, 152135, 1.92803],
		
["20120309", 110000, 110500, 106500, 109500, 131466, 1.85427],
		
["20120312", 110000, 110000, 97900, 97900, 329331, 1.84001],
		
["20120313", 98100, 99600, 90700, 94000, 815336, 1.93777],
		
["20120314", 94000, 94700, 92100, 93500, 250626, 1.95829],
		
["20120315", 92600, 94900, 92300, 93200, 201819, 1.98141],
		
["20120316", 92700, 93400, 90400, 92000, 220933, 1.98196],
		
["20120319", 91700, 93300, 90000, 90500, 143398, 2.00953],
		
["20120320", 91200, 93700, 90500, 93300, 149710, 2.02969],
		
["20120321", 93300, 93900, 92500, 93500, 93827, 1.99696],
		
["20120322", 93100, 93600, 89400, 91600, 191724, 1.8114],
		
["20120323", 92300, 97800, 92300, 96200, 433761, 1.82402],
		
["20120326", 95200, 96600, 89100, 89100, 291787, 1.82597],
		
["20120327", 90000, 90500, 84100, 84800, 446025, 1.92872],
		
["20120328", 84400, 87800, 84100, 84100, 216267, 1.96974],
		
["20120329", 87900, 88100, 82000, 82200, 445785, 2.1631],
		
["20120330", 82200, 83400, 80600, 81700, 182088, 2.233],
		
["20120402", 81700, 84200, 81000, 83200, 143617, 2.17927],
		
["20120403", 82500, 83000, 78100, 80100, 349235, 2.21384],
		
["20120404", 80700, 81000, 76800, 77500, 257533, 2.25785],
		
["20120405", 76200, 79300, 76100, 79000, 164413, 2.28353],
		
["20120406", 78200, 80800, 77900, 78300, 118111, 2.31754],
		
["20120409", 77600, 78300, 75300, 76300, 132690, 2.37199],
		
["20120410", 76100, 77700, 70900, 71700, 362097, 2.52316],
		
["20120412", 73500, 75500, 71800, 74700, 190925, 2.57236],
		
["20120413", 75200, 76900, 74800, 76500, 117176, 2.56519],
		
["20120416", 75400, 75500, 72300, 72600, 268926, 2.67214],
		
["20120417", 72800, 73000, 67700, 69000, 474878, 2.77628],
		
["20120418", 71000, 72700, 70600, 71200, 310602, 2.83061],
		
["20120419", 71500, 74800, 71500, 74200, 253264, 2.69895],
		
["20120420", 73700, 75500, 72600, 73500, 185213, 2.55748],
		
["20120423", 74100, 74700, 72500, 72500, 90331, 2.49942],
		
["20120424", 72500, 73800, 71100, 73800, 163919, 2.46252],
		
["20120425", 75000, 75000, 70100, 70500, 218759, 2.39704],
		
["20120426", 70900, 72100, 68000, 68700, 174723, 2.46583],
		
["20120427", 69900, 69900, 66100, 66900, 244971, 2.6413],
		
["20120430", 66900, 69100, 66900, 68600, 135936, 2.73096],
		
["20120502", 68600, 70400, 66600, 66900, 193566, 2.73548],
		
["20120503", 67200, 67500, 65200, 65800, 199118, 2.59873],
		
["20120504", 65400, 69800, 65200, 68900, 213383, 2.55832],
		
["20120507", 67900, 70900, 67500, 69500, 183464, 2.54897],
		
["20120508", 70000, 70500, 67900, 69300, 123206, 2.53402],
		
["20120509", 69400, 69600, 67300, 67500, 92652, 2.3625],
		
["20120510", 66600, 71700, 66500, 71100, 203335, 2.29454],
		
["20120511", 71500, 73800, 70700, 73100, 349810, 2.12016],
		
["20120514", 73700, 74200, 72200, 72500, 223282, 1.95187],
		
["20120515", 71900, 74100, 71900, 74000, 159675, 1.89718],
		
["20120516", 73800, 73800, 70800, 70800, 117884, 1.94328],
		
["20120517", 71500, 72000, 69800, 69900, 98569, 1.93562],
		
["20120518", 69000, 70200, 67100, 68000, 130502, 1.91969],
		
["20120521", 68200, 69500, 65500, 68500, 102998, 1.91751],
		
["20120522", 69800, 70200, 68500, 69000, 68552, 1.92225],
		
["20120523", 69100, 71700, 68000, 70700, 87875, 1.90656],
		
["20120524", 71000, 72200, 70300, 71900, 77239, 1.91918],
		
["20120525", 72500, 72600, 71100, 71600, 73590, 1.91659],
		
["20120529", 71400, 73000, 70900, 72600, 77869, 1.94081],
		
["20120530", 71900, 73500, 71400, 72900, 80634, 1.95529],
		
["20120531", 72500, 74500, 71600, 72900, 83805, 1.94222],
		
["20120601", 72900, 78400, 72500, 77600, 277222, 1.92945],
		
["20120604", 76800, 81300, 76100, 77800, 429537, 2.0716],
		
["20120605", 78900, 79700, 77800, 78400, 167548, 2.09251],
		
["20120607", 79800, 79900, 77800, 77800, 175781, 2.05719],
		
["20120608", 78200, 81000, 77800, 78400, 167795, 2.06194],
		
["20120611", 78500, 79200, 76300, 76300, 146022, 2.03914],
		
["20120612", 75100, 77200, 74400, 76200, 101223, 2.11054],
		
["20120613", 76700, 76800, 73700, 75200, 150500, 2.16712],
		
["20120614", 75200, 79400, 75200, 79400, 240720, 2.26743],
		
["20120615", 79000, 80200, 78200, 78400, 207015, 2.17158],
		
["20120618", 80000, 80400, 79100, 79400, 113114, 2.16899],
		
["20120619", 79300, 82400, 79300, 81900, 201669, 2.13415],
		
["20120620", 82300, 82500, 80600, 81200, 106419, 2.07785],
		
["20120621", 81200, 83700, 80700, 83600, 185376, 2.04854],
		
["20120622", 82800, 82900, 81500, 81700, 99968, 2.00158],
		
["20120625", 82000, 82200, 79900, 80500, 85954, 2.00222],
		
["20120626", 80000, 81400, 79100, 79500, 89454, 1.99868],
		
["20120627", 80000, 80600, 78300, 79500, 70533, 1.98961],
		
["20120628", 79700, 80500, 77600, 80000, 99091, 1.96896],
		
["20120629", 79200, 83000, 79000, 82100, 135669, 2.02375],
		
["20120702", 82600, 83500, 81300, 83300, 97239, 1.98786],
		
["20120703", 83000, 84400, 82700, 83300, 118324, 2.16237],
		
["20120704", 83000, 84500, 82400, 83900, 103754, 2.15591],
		
["20120705", 84200, 84900, 83000, 84100, 92744, 2.13634],
		
["20120706", 83900, 83900, 81200, 82600, 93822, 2.13899],
		
["20120709", 82000, 83000, 81100, 83000, 45852, 2.14533],
		
["20120710", 82800, 83000, 81000, 81100, 59896, 2.12147],
		
["20120711", 80500, 82000, 80100, 81500, 31567, 2.13817],
		
["20120712", 81500, 82200, 78000, 78000, 68232, 2.13109],
		
["20120713", 78000, 80400, 75300, 79100, 111229, 2.17788],
		
["20120716", 79900, 79900, 78200, 78300, 45405, 2.23635],
		
["20120717", 77300, 77900, 73700, 73700, 226413, 2.03419],
		
["20120718", 73000, 75400, 73000, 74400, 134831, 2.1442],
		
["20120719", 75500, 75600, 74400, 74800, 80604, 2.14587],
		
["20120720", 75600, 76300, 74400, 76000, 65100, 2.11414],
		
["20120723", 75100, 75600, 73000, 73000, 64338, 2.09025],
		
["20120724", 72500, 72900, 70000, 71600, 107635, 2.08746],
		
["20120725", 70200, 71800, 70000, 70500, 40748, 2.09403],
		
["20120726", 70700, 71500, 67500, 68000, 154437, 2.12636],
		
["20120727", 69000, 70000, 67700, 69000, 94648, 2.15836],
		
["20120730", 70100, 70200, 68300, 68600, 66975, 2.15388],
		
["20120731", 67800, 69000, 67500, 68600, 115790, 2.16904],
		
["20120801", 68700, 72800, 68400, 71800, 132623, 2.17839],
		
["20120802", 72400, 74700, 71900, 73800, 143776, 2.18306],
		
["20120803", 73000, 74500, 72400, 73700, 95763, 2.12651],
		
["20120806", 74600, 75200, 73200, 73500, 80775, 2.10896],
		
["20120807", 74700, 74700, 73600, 74300, 38864, 2.11488],
		
["20120808", 74300, 75300, 74300, 74600, 56452, 2.14984],
		
["20120809", 74800, 75700, 74700, 75500, 86770, 2.22645],
		
["20120810", 75100, 75700, 74100, 74600, 46385, 2.25248],
		
["20120813", 74600, 75200, 74000, 74000, 31669, 2.2751],
		
["20120814", 74500, 75500, 74000, 74800, 49977, 2.29031],
		
["20120816", 74900, 75000, 73700, 74000, 47986, 2.28201],
		
["20120817", 74000, 75300, 74000, 75200, 61486, 2.29458],
		
["20120820", 75300, 76600, 75000, 75900, 50107, 2.30529],
		
["20120821", 76300, 76700, 75200, 75200, 34609, 2.29483],
		
["20120822", 75000, 75700, 73500, 73900, 57415, 2.3164],
		
["20120823", 73500, 73900, 71600, 71800, 154055, 2.38317],
		
["20120824", 71500, 72200, 70500, 70500, 121021, 2.40136],
		
["20120827", 71200, 72200, 70900, 71400, 68546, 2.43443],
		
["20120828", 71900, 74300, 71800, 74300, 126304, 2.42912],
		
["20120829", 75000, 75100, 73200, 74700, 79323, 2.40967],
		
["20120830", 75100, 75800, 74400, 75200, 90448, 2.41383],
		
["20120831", 74500, 79900, 74500, 78800, 262809, 2.43969],
		
["20120903", 80200, 81000, 79000, 79600, 154949, 2.40295],
		
["20120904", 80000, 81700, 79300, 79500, 150993, 2.37149],
		
["20120905", 79400, 79400, 75900, 77400, 149747, 2.27737],
		
["20120906", 77400, 79400, 77100, 78200, 55683, 2.28104],
		
["20120907", 78800, 79300, 77200, 77400, 95192, 2.28365],
		
["20120910", 77500, 78600, 77000, 77800, 50379, 2.32637],
		
["20120911", 77800, 77800, 75000, 75000, 107150, 2.33951],
		
["20120912", 74800, 76800, 74800, 75900, 77137, 2.34234],
		
["20120913", 76600, 76600, 74000, 75600, 101370, 2.35465],
		
["20120914", 76000, 76900, 75900, 76700, 108944, 2.35024],
		
["20120917", 77000, 77400, 74700, 76100, 89993, 2.30975],
		
["20120918", 75600, 76100, 74300, 74600, 101088, 2.30711],
		
["20120919", 74500, 75500, 74000, 74600, 65149, 2.30737],
		
["20120920", 74700, 75000, 73600, 73800, 79566, 2.28197],
		
["20120921", 73800, 74800, 73800, 74300, 55097, 2.26657],
		
["20120924", 74200, 74200, 72700, 73200, 80950, 1.97319],
		
["20120925", 72500, 73000, 71100, 71800, 172903, 1.95707],
		
["20120926", 71300, 72200, 71200, 71300, 93273, 1.94779],
		
["20120927", 71400, 72500, 70400, 71300, 88204, 1.97047],
		
["20120928", 71300, 72900, 71100, 72500, 101053, 1.97393],
		
["20121002", 71600, 72300, 71500, 71900, 69735, 1.97362],
		
["20121004", 72000, 72500, 71300, 71300, 54520, 1.96774],
		
["20121005", 71500, 73800, 71300, 72700, 90941, 1.95488],
		
["20121008", 72800, 74100, 72100, 74000, 85060, 1.92975],
		
["20121009", 73700, 74600, 73500, 73700, 73097, 1.90811],
		
["20121010", 73600, 73700, 72000, 72000, 40264, 1.89767],
		
["20121011", 71900, 73300, 71400, 71700, 43761, 1.88275],
		
["20121012", 71800, 73200, 71600, 72900, 53478, 1.88588],
		
["20121015", 73000, 73000, 70500, 70700, 70984, 1.85863],
		
["20121016", 71600, 71600, 70500, 70700, 38099, 1.8781],
		
["20121017", 71100, 71400, 69300, 69700, 99664, 1.88524],
		
["20121018", 69000, 70200, 68200, 69700, 90588, 1.89196],
		
["20121019", 69000, 70000, 68500, 69100, 40830, 1.86754],
		
["20121022", 66700, 68700, 66700, 67800, 80829, 1.90132],
		
["20121023", 67800, 69400, 67700, 68700, 57301, 1.9151],
		
["20121024", 68000, 68600, 67000, 67400, 61234, 1.89607],
		
["20121025", 67000, 68000, 66400, 66500, 58781, 1.9069],
		
["20121026", 66200, 66900, 63100, 64000, 159990, 1.90022],
		
["20121029", 62100, 64900, 61200, 61200, 85329, 1.93684],
		
["20121030", 60400, 62400, 60400, 62000, 68896, 1.9884],
		
["20121031", 62000, 64500, 62000, 64200, 77688, 1.98899],
		
["20121101", 64500, 65800, 63300, 64900, 65745, 1.93176],
		
["20121102", 65500, 65500, 63000, 63800, 54891, 1.91387],
		
["20121105", 63800, 63900, 61200, 61200, 66109, 1.9261],
		
["20121106", 61200, 61700, 60300, 61300, 63044, 1.95859],
		
["20121107", 61400, 63100, 61200, 63100, 77263, 1.98463],
		
["20121108", 62400, 62500, 61700, 61900, 40585, 1.97049],
		
["20121109", 61600, 61700, 58300, 58300, 149198, 1.96113],
		
["20121112", 58700, 59400, 56900, 57300, 116834, 2.03818],
		
["20121113", 57000, 59000, 57000, 58200, 60398, 2.07297],
		
["20121114", 57900, 58700, 57100, 57400, 41011, 2.07877],
		
["20121115", 55300, 57000, 55300, 55800, 61076, 2.12872],
		
["20121116", 55500, 59300, 55500, 59300, 63173, 2.11786],
		
["20121119", 59000, 60900, 58800, 60200, 69446, 2.05228],
		
["20121120", 60600, 61100, 60400, 60600, 43698, 2.04599],
		
["20121121", 60500, 60800, 58100, 58800, 41902, 1.99239],
		
["20121122", 59400, 60700, 59000, 59900, 40461, 1.97722],
		
["20121123", 60200, 60800, 58500, 60700, 41367, 1.96499],
		
["20121126", 60900, 61000, 60100, 60300, 20138, 1.95486],
		
["20121127", 59600, 61000, 59600, 60700, 38413, 1.93631],
		
["20121128", 61000, 61000, 60200, 60400, 19929, 1.91914],
		
["20121129", 61000, 61700, 60700, 61400, 33940, 1.92311],
		
["20121130", 61800, 62100, 61100, 61800, 34216, 1.91374],
		
["20121203", 62000, 63000, 61800, 62300, 51118, 1.93265],
		
["20121204", 62500, 62500, 61800, 61900, 25124, 1.92332],
		
["20121205", 61800, 61900, 60000, 60500, 49642, 1.92288],
		
["20121206", 59500, 61400, 59500, 60900, 35809, 1.92164],
		
["20121207", 61400, 62400, 61000, 62400, 33810, 1.92375],
		
["20121210", 61800, 63600, 61800, 63200, 56051, 1.88995],
		
["20121211", 63200, 64200, 62800, 63500, 42338, 1.87528],
		
["20121212", 63000, 64200, 62800, 62800, 35679, 1.86198],
		
["20121213", 62400, 63800, 62400, 63800, 44652, 1.86858],
		
["20121214", 63300, 63900, 63000, 63600, 35646, 1.8662],
		
["20121217", 63000, 63800, 61600, 61600, 58265, 1.88162],
		
["20121218", 61200, 62800, 61200, 62200, 44151, 1.89227],
		
["20121220", 64000, 69000, 63800, 67400, 236367, 1.83847],
		
["20121221", 67400, 68000, 66100, 66900, 130885, 1.87093],
		
["20121224", 67900, 69600, 67900, 68300, 132817, 1.85722],
		
["20121226", 68600, 69300, 67600, 69000, 103725, 1.87881],
		
["20121227", 68200, 69600, 67600, 69000, 91157, 1.84272],
		
["20121228", 68500, 70400, 68300, 70100, 99018, 1.78929],
		
["20130102", 70700, 72900, 70400, 71900, 120301, 1.75877],
		
["20130103", 72600, 72600, 70700, 71000, 71184, 1.75094],
		
["20130104", 71400, 71700, 70300, 71600, 59196, 1.75486],
		
["20130107", 71000, 71800, 70600, 71800, 35026, 1.77538],
		
["20130108", 71000, 72300, 70800, 70800, 42352, 1.7844],
		
["20130109", 70200, 71000, 69300, 70400, 62249, 1.80568],
		
["20130110", 70500, 72500, 70500, 72500, 124724, 1.75142],
		
["20130111", 72300, 75000, 72300, 74900, 150598, 1.71336],
		
["20130114", 75400, 83000, 75300, 81400, 504331, 1.63543],
		
["20130115", 81700, 82300, 80600, 81000, 181342, 1.68486],
		
["20130116", 80600, 81100, 78000, 80000, 126668, 1.67846],
		
["20130117", 80000, 81400, 77900, 78200, 97095, 1.6683],
		
["20130118", 79000, 81800, 78200, 81700, 150408, 1.70512],
		
["20130121", 81300, 82400, 80700, 81900, 96536, 1.74123],
		
["20130122", 82100, 82500, 81000, 82000, 100101, 1.76708],
		
["20130123", 81500, 84100, 81500, 82300, 105131, 1.83791],
		
["20130124", 81600, 82000, 80100, 81100, 80996, 1.82778],
		
["20130125", 80600, 81300, 80000, 80800, 61722, 1.87338],
		
["20130128", 80000, 81000, 78500, 79000, 61305, 1.86661],
		
["20130129", 78500, 80000, 78100, 79200, 60625, 1.86974],
		
["20130130", 78700, 83000, 78700, 82800, 106108, 1.85775],
		
["20130131", 82900, 82900, 79300, 80100, 115684, 1.82271],
		
["20130201", 79100, 81900, 78700, 80700, 88304, 1.82728],
		
["20130204", 81500, 81900, 80700, 80800, 55806, 1.80023],
		
["20130205", 81000, 81300, 78100, 79800, 50037, 1.78695],
		
["20130206", 79800, 80300, 78300, 78300, 60597, 1.81379],
		
["20130207", 78300, 79300, 76700, 76700, 40133, 1.83276],
		
["20130208", 76500, 78300, 76100, 77400, 36197, 1.86858],
		
["20130212", 76900, 78200, 75500, 76400, 43144, 1.86477],
		
["20130213", 76800, 81200, 76300, 80000, 91842, 1.86624],
		
["20130214", 79600, 80500, 77000, 78000, 94275, 1.85034],
		
["20130215", 78100, 79700, 78100, 79000, 51044, 1.85855],
		
["20130218", 78800, 80900, 78800, 80700, 48651, 1.87935],
		
["20130219", 80800, 81000, 80000, 80800, 33082, 1.89248],
		
["20130220", 81400, 81500, 80200, 81000, 57831, 1.93389],
		
["20130221", 81500, 81500, 80000, 81100, 50380, 1.94334],
		
["20130222", 81200, 82800, 80100, 82800, 124061, 1.96672],
		
["20130225", 83000, 83300, 81400, 82800, 64751, 1.9539],
		
["20130226", 82800, 85300, 82600, 85300, 133326, 2.0143],
		
["20130227", 85800, 86000, 84700, 85200, 55973, 1.99701],
		
["20130228", 85900, 85900, 84300, 85500, 57096, 1.9534],
		
["20130304", 85000, 85000, 83000, 83700, 59023, 1.97982],
		
["20130305", 83700, 84700, 83200, 84400, 42351, 2.00816],
		
["20130306", 85200, 85200, 83700, 83700, 37768, 2.02432],
		
["20130307", 84300, 87100, 83600, 84200, 120169, 2.03914],
		
["20130308", 84200, 84800, 82900, 84400, 46784, 2.05157],
		
["20130311", 84800, 86300, 82900, 85700, 83286, 2.05653],
		
["20130312", 84800, 87700, 84800, 87700, 77185, 2.06554],
		
["20130313", 88000, 88900, 86900, 87300, 60776, 2.02843],
		
["20130314", 88000, 90700, 87100, 90700, 84421, 2.04138],
		
["20130315", 90700, 92300, 89200, 90400, 117283, 2.00962],
		
["20130318", 89900, 90800, 86200, 87400, 81202, 2.01351],
		
["20130319", 87400, 89600, 86500, 88700, 76470, 2.00113],
		
["20130320", 87800, 88700, 85700, 87400, 78696, 1.9829],
		
["20130321", 86500, 86900, 84900, 85600, 42889, 1.97404],
		
["20130322", 85500, 88100, 85500, 87500, 50554, 1.97352],
		
["20130325", 88700, 89900, 87600, 87600, 60522, 1.97956],
		
["20130326", 88200, 90200, 87300, 90200, 65706, 2.01315],
		
["20130327", 91000, 91000, 88600, 89400, 62730, 1.97917],
		
["20130328", 89100, 91000, 88500, 88500, 60578, 1.98344],
		
["20130329", 88500, 90100, 88400, 89800, 63972, 2.00103],
		
["20130401", 89000, 90000, 88500, 88600, 38809, 2.00185],
		
["20130402", 88700, 90700, 88100, 90000, 108072, 1.96245],
		
["20130403", 90000, 90700, 87700, 89300, 69543, 1.93645],
		
["20130404", 89300, 90000, 87500, 90000, 76851, 1.95404],
		
["20130405", 88900, 89400, 83300, 87600, 169442, 1.9514],
		
["20130408", 86800, 87000, 80600, 81000, 90532, 1.94771],
		
["20130409", 80000, 85000, 80000, 84600, 109897, 2.02537],
		
["20130410", 84100, 84400, 81300, 82700, 122908, 1.95944],
		
["20130411", 83000, 87300, 83000, 85400, 85211, 1.98739],
		
["20130412", 86600, 88000, 85500, 86500, 57999, 1.97134],
		
["20130415", 86100, 87900, 85400, 86200, 42545, 1.97789],
		
["20130416", 85400, 88500, 85100, 88500, 51927, 1.98614],
		
["20130417", 87900, 89800, 87100, 88900, 61094, 1.97143],
		
["20130418", 88100, 88800, 85100, 85100, 55339, 1.94048],
		
["20130419", 85100, 85900, 83400, 84600, 61613, 1.97249],
		
["20130422", 86800, 88200, 85600, 87900, 69324, 1.9742],
		
["20130423", 87300, 90400, 87300, 89800, 94720, 1.99195],
		
["20130424", 89400, 91900, 85800, 86600, 134749, 1.99171],
		
["20130425", 86600, 89000, 86300, 87000, 66209, 2.02971],
		
["20130426", 87100, 88800, 86900, 87000, 49889, 2.0358],
		
["20130429", 87500, 88500, 87000, 87000, 43055, 2.00678],
		
["20130430", 88100, 90800, 87200, 87600, 130673, 2.04147],
		
["20130502", 88000, 90400, 87800, 89400, 84836, 2.04009],
		
["20130503", 90300, 90900, 88300, 88600, 43342, 2.02128],
		
["20130506", 89100, 90200, 88300, 89800, 47978, 2.00665],
		
["20130507", 89800, 93200, 89000, 92200, 157907, 1.9687],
		
["20130508", 92300, 96500, 92200, 95300, 163815, 1.8624],
		
["20130509", 96000, 97300, 94100, 94800, 148637, 1.7786],
		
["20130510", 95300, 95400, 90900, 91000, 85409, 1.75063],
		
["20130513", 91100, 93400, 91100, 92100, 37989, 1.76362],
		
["20130514", 92600, 93500, 89200, 90000, 64238, 1.77282],
		
["20130515", 89200, 94000, 89200, 94000, 58909, 1.77148],
		
["20130516", 95000, 95300, 92500, 94000, 59598, 1.73326],
		
["20130520", 93200, 95400, 92600, 92900, 33086, 1.72208],
		
["20130521", 92900, 93700, 91300, 91700, 32755, 1.73305],
		
["20130522", 91600, 94000, 91400, 91700, 51507, 1.76724],
		
["20130523", 91300, 93800, 90200, 90600, 60698, 1.75385],
		
["20130524", 90600, 91100, 85100, 87300, 139536, 1.77821],
		
["20130527", 86600, 87700, 85400, 86000, 56355, 1.80204],
		
["20130528", 86800, 89400, 86000, 89100, 69557, 1.82837],
		
["20130529", 87500, 88400, 84200, 86200, 211691, 1.8406],
		
["20130530", 85800, 86200, 82600, 82900, 102823, 1.84958],
		
["20130531", 82800, 84400, 81100, 82900, 104381, 1.88566],
		
["20130603", 82900, 83300, 76900, 77800, 160399, 1.88402],
		
["20130604", 77800, 81000, 77000, 78900, 160986, 1.94522],
		
["20130605", 79500, 80300, 76200, 77600, 95625, 1.96099],
		
["20130607", 75100, 76700, 72600, 73500, 194400, 2.02465],
		
["20130610", 73600, 77400, 73600, 76400, 59137, 2.02371],
		
["20130611", 75000, 75100, 70500, 72000, 200092, 1.97105],
		
["20130612", 71100, 73700, 69100, 70900, 208146, 2.03472],
		
["20130613", 71200, 72100, 69100, 71800, 169993, 1.9681],
		
["20130614", 72400, 72500, 69500, 71200, 96046, 1.90454],
		
["20130617", 71300, 72100, 69500, 70800, 81884, 1.90186],
		
["20130618", 70500, 71700, 69600, 71400, 55504, 1.8894],
		
["20130619", 71200, 73000, 70800, 73000, 79858, 1.85554],
		
["20130620", 72500, 72800, 69800, 70200, 80375, 1.75419],
		
["20130621", 68500, 69700, 66100, 68900, 163080, 1.76336],
		
["20130624", 68100, 68500, 66100, 66100, 70431, 1.75911],
		
["20130625", 65200, 67200, 64100, 66300, 79688, 1.80132],
		
["20130626", 66900, 67400, 65300, 66100, 42278, 1.7871],
		
["20130627", 66400, 69000, 66300, 68700, 54313, 1.76164],
		
["20130628", 68300, 69800, 67300, 69700, 96606, 1.67156],
		
["20130701", 68600, 69900, 68000, 69100, 73095, 1.652],
		
["20130702", 69300, 70900, 68300, 70800, 70006, 1.69489],
		
["20130703", 70900, 71000, 67900, 67900, 80134, 1.61728],
		
["20130704", 68700, 69500, 67800, 68900, 40740, 1.64314],
		
["20130705", 69500, 69600, 68000, 69400, 44864, 1.62287],
		
["20130708", 69400, 69500, 67000, 67300, 54646, 1.61004],
		
["20130709", 68000, 68000, 67100, 67900, 29317, 1.64154],
		
["20130710", 68000, 68300, 66400, 66400, 35099, 1.63102],
		
["20130711", 67000, 68500, 66800, 68400, 40277, 1.66175],
		
["20130712", 68800, 69700, 68300, 69500, 43153, 1.66957],
		
["20130715", 69000, 69400, 68300, 68900, 41133, 1.66153],
		
["20130716", 69200, 69900, 67900, 69600, 60650, 1.66557],
		
["20130717", 69600, 70600, 68600, 70500, 62892, 1.6431],
		
["20130718", 70500, 71200, 69800, 70200, 53862, 1.61663],
		
["20130719", 70000, 71100, 69500, 70700, 42819, 1.61727],
		
["20130722", 71200, 74200, 71000, 74000, 260380, 1.5943],
		
["20130723", 74200, 75200, 72500, 74600, 120526, 1.5371],
		
["20130724", 74600, 74800, 73600, 73700, 71222, 1.54998],
		
["20130725", 73100, 75200, 72600, 75000, 153488, 1.56774],
		
["20130726", 74700, 75400, 73700, 74900, 75205, 1.54198],
		
["20130729", 74100, 74500, 73000, 73000, 72016, 1.54556],
		
["20130730", 73100, 74200, 71800, 73100, 80657, 1.57582],
		
["20130731", 72400, 73400, 71500, 72400, 59781, 1.61587],
		
["20130801", 72400, 74900, 71900, 74700, 72040, 1.63236],
		
["20130802", 74700, 75000, 73600, 73600, 41843, 1.62066],
		
["20130805", 73900, 73900, 71000, 72200, 111500, 1.60493],
		
["20130806", 71600, 72000, 70600, 71000, 58545, 1.59518],
		
["20130807", 70500, 71800, 70500, 71300, 49196, 1.60952],
		
["20130808", 71700, 72000, 70600, 70700, 40236, 1.59931],
		
["20130809", 71400, 72000, 68800, 72000, 113192, 1.58315],
		
["20130812", 72100, 72500, 70900, 70900, 29119, 1.55886],
		
["20130813", 71900, 72000, 71000, 71700, 35769, 1.55392],
		
["20130814", 71600, 72300, 71000, 71200, 45734, 1.54864],
		
["20130816", 70200, 72000, 70100, 71100, 22166, 1.55172],
		
["20130819", 71100, 71600, 70800, 71300, 22256, 1.56182],
		
["20130820", 71100, 71300, 69600, 70500, 84897, 1.52907],
		
["20130821", 70700, 70700, 67900, 68300, 101608, 1.5534],
		
["20130822", 67900, 68000, 65600, 65700, 108919, 1.52207],
		
["20130823", 65800, 66800, 64400, 65700, 128636, 1.52679],
		
["20130826", 65100, 67100, 65100, 66600, 49412, 1.52664],
		
["20130827", 66900, 67500, 65600, 66100, 54380, 1.51188],
		
["20130828", 65200, 65500, 64000, 64200, 93358, 1.5102],
		
["20130829", 64300, 66600, 64300, 65600, 68151, 1.51248],
		
["20130830", 65500, 66100, 65200, 65600, 45905, 1.4875],
		
["20130902", 65500, 67400, 65500, 67200, 55536, 1.48995],
		
["20130903", 67500, 69600, 67500, 69200, 140407, 1.4587],
		
["20130904", 69800, 71700, 68500, 69400, 184644, 1.44119],
		
["20130905", 69700, 71700, 69100, 71500, 109848, 1.45358],
		
["20130906", 71800, 73300, 71600, 72300, 156140, 1.39292],
		
["20130909", 74500, 74600, 71700, 72800, 191492, 1.37674],
		
["20130910", 72000, 72500, 68000, 70400, 350973, 1.45455],
		
["20130911", 71000, 72500, 70400, 71600, 99722, 1.51035],
		
["20130912", 72100, 72300, 70300, 71600, 86013, 1.5651],
		
["20130913", 71600, 72200, 70800, 71000, 51472, 1.57967],
		
["20130916", 70700, 72100, 70400, 70500, 63847, 1.61119],
		
["20130917", 70500, 71300, 70500, 71000, 36802, 1.65064],
		
["20130923", 71100, 71100, 69600, 69900, 106469, 1.64152],
		
["20130924", 69900, 70100, 67700, 68200, 133088, 1.62525],
		
["20130925", 68500, 68900, 68200, 68300, 50050, 1.64494],
		
["20130926", 68300, 69400, 67800, 69400, 44257, 1.63809],
		
["20130927", 70000, 71400, 69500, 70500, 92473, 1.58951],
		
["20130930", 70500, 73700, 69600, 72900, 150977, 1.54395],
		
["20131001", 72900, 73000, 70800, 71300, 100958, 1.47259],
		
["20131002", 71900, 72900, 71300, 72000, 83525, 1.45996],
		
["20131004", 71500, 72500, 69900, 72100, 69720, 1.44202],
		
["20131007", 71700, 72400, 70800, 70900, 47621, 1.41316],
		
["20131008", 70300, 71500, 69200, 71000, 86216, 1.39021],
		
["20131010", 70800, 70800, 70000, 70100, 43590, 1.40893],
		
["20131011", 70600, 70600, 69500, 69600, 73534, 1.43021],
		
["20131014", 61900, 64700, 59200, 59200, 822458, 1.48653],
		
["20131015", 60700, 61500, 59400, 59900, 417414, 1.55315],
		
["20131016", 60700, 60800, 57000, 57600, 347215, 1.51197],
		
["20131017", 56300, 57000, 54900, 55000, 382089, 1.63494],
		
["20131018", 55500, 58000, 55500, 57800, 208470, 1.61114],
		
["20131021", 57800, 58800, 57000, 57200, 136789, 1.50903],
		
["20131022", 57700, 58300, 57100, 57300, 82009, 1.50109],
		
["20131023", 57500, 58300, 57100, 57600, 67769, 1.4878],
		
["20131024", 58000, 58500, 57800, 57900, 99023, 1.46353],
		
["20131025", 57900, 57900, 55800, 56700, 140672, 1.45755],
		
["20131028", 56400, 56400, 55300, 55800, 90620, 1.46362],
		
["20131029", 55500, 56300, 55200, 55900, 62191, 1.48275],
		
["20131030", 56000, 57200, 55800, 56900, 73109, 1.50162],
		
["20131031", 56900, 57000, 55800, 56300, 63618, 1.47853],
		
["20131101", 56300, 56500, 56000, 56100, 60800, 1.44181],
		
["20131104", 55800, 56100, 55100, 55300, 86718, 1.40489],
		
["20131105", 55300, 55700, 55000, 55300, 48592, 1.41398],
		
["20131106", 55000, 55500, 53900, 54000, 123235, 1.37427],
		
["20131107", 54600, 55200, 54100, 55200, 50762, 1.37516],
		
["20131108", 55800, 59500, 55500, 57900, 272369, 1.33243],
		
["20131111", 58400, 58400, 55400, 57200, 135767, 1.21954],
		
["20131112", 56600, 57500, 55800, 55800, 86203, 1.22875],
		
["20131113", 56500, 56600, 54700, 55000, 82237, 1.20984],
		
["20131114", 54700, 55600, 54600, 54700, 53508, 1.2293],
		
["20131115", 55000, 56300, 54800, 56300, 55944, 1.22735],
		
["20131118", 56300, 56400, 55600, 56000, 36174, 1.20676],
		
["20131119", 56600, 58000, 56300, 57800, 126154, 1.19239],
		
["20131120", 57900, 58500, 57100, 58500, 100247, 1.1357],
		
["20131121", 58800, 58900, 57000, 57700, 119445, 1.08114],
		
["20131122", 57800, 59600, 57700, 59500, 139544, 1.07084],
		
["20131125", 59500, 60800, 59200, 60000, 92896, 1.0556],
		
["20131126", 60000, 60300, 59300, 60000, 54517, 1.03455],
		
["20131127", 59900, 61200, 59500, 61200, 95304, 1.09227],
		
["20131128", 61700, 61800, 60700, 61800, 75022, 1.07429],
		
["20131129", 61500, 62000, 60900, 60900, 45634, 1.0658],
		
["20131202", 60600, 60700, 59500, 60000, 56167, 1.05736],
		
["20131203", 59500, 59900, 59000, 59100, 48799, 1.03845],
		
["20131204", 58200, 59200, 58000, 58100, 56514, 1.04656],
		
["20131205", 58300, 59300, 58200, 59300, 55141, 1.03013],
		
["20131206", 59300, 59600, 58400, 58600, 31117, 0.971041],
		
["20131209", 59200, 59700, 58600, 59200, 31072, 0.967972],
		
["20131210", 59500, 59500, 57700, 58000, 43381, 0.946858],
		
["20131211", 59500, 61400, 58700, 59700, 186339, 0.984252],
		
["20131212", 60500, 60900, 57800, 57900, 139871, 0.900484],
		
["20131213", 56100, 56400, 55600, 56100, 2095303, 1.12129],
		
["20131216", 56800, 57000, 56100, 56700, 173961, 1.05952],
		
["20131217", 56500, 56800, 56000, 56100, 88541, 1.04284],
		
["20131218", 56100, 56300, 55100, 56300, 77966, 1.06638],
		
["20131219", 56600, 57300, 56100, 56100, 87275, 1.10441],
		
["20131220", 55800, 56900, 55800, 56700, 58604, 1.15304],
		
["20131223", 57000, 57700, 56700, 57200, 85604, 1.18791],
		
["20131224", 57300, 58100, 56800, 58000, 85246, 1.19284],
		
["20131226", 58000, 58200, 57000, 57500, 127279, 1.16167],
		
["20131227", 57100, 61000, 56500, 60200, 167545, 1.1122],
		
["20131230", 59800, 61700, 59800, 60500, 147082, 1.07969],
		
["20140102", 61400, 61400, 59600, 60100, 108620, 1.06878],
		
["20140103", 60100, 61100, 59700, 60900, 105073, 1.09889],
		
["20140106", 61200, 61700, 60300, 61500, 102452, 1.10769],
		
["20140107", 61500, 61800, 61000, 61100, 79291, 1.10047],
		
["20140108", 60700, 61900, 60600, 61800, 79041, 1.14042],
		
["20140109", 62000, 67000, 61700, 65500, 386949, 1.13807],
		
["20140110", 66200, 66700, 65300, 66000, 116711, 1.11905],
		
["20140113", 66000, 67800, 66000, 66600, 148651, 1.13172],
		
["20140114", 66000, 67700, 65700, 67200, 134491, 1.16432],
		
["20140115", 68200, 69000, 67400, 68500, 168214, 1.14868],
		
["20140116", 69200, 70000, 66600, 67300, 194355, 1.25058],
		
["20140117", 68000, 69000, 67400, 68700, 108901, 1.26002],
		
["20140120", 68500, 69000, 66300, 67200, 149079, 1.24153],
		
["20140121", 66800, 67400, 65800, 67100, 108552, 1.31647],
		
["20140122", 67400, 69600, 67300, 69200, 152072, 1.38024],
		
["20140123", 68700, 69300, 67200, 67300, 82360, 1.36257],
		
["20140124", 67100, 67700, 66600, 67600, 61003, 1.36267],
		
["20140127", 65200, 67000, 64900, 66700, 116024, 1.32256],
		
["20140128", 65900, 66700, 65200, 65300, 68211, 1.33213],
		
["20140129", 66000, 68000, 65600, 67800, 88495, 1.37447],
		
["20140203", 67100, 68200, 66300, 67200, 56638, 1.3618],
		
["20140204", 66500, 67100, 65000, 67100, 100611, 1.31505],
		
["20140205", 67700, 67700, 65000, 65600, 79863, 1.28234],
		
["20140206", 65500, 66300, 64700, 65200, 92752, 1.4034],
		
["20140207", 66000, 68200, 65500, 67700, 130750, 1.50998],
		
["20140210", 66800, 67700, 66100, 66200, 61476, 1.52157],
		
["20140211", 65600, 66600, 65600, 65800, 48907, 1.53069],
		
["20140212", 65300, 66400, 64800, 65400, 86946, 1.52166],
		
["20140213", 65400, 65600, 64200, 64400, 65624, 1.53617],
		
["20140214", 64800, 66200, 64100, 66000, 89237, 1.46089],
		
["20140217", 66200, 66400, 64600, 65200, 72038, 1.45831],
		
["20140218", 65200, 65500, 63700, 64800, 89814, 1.4694],
		
["20140219", 65000, 65000, 63700, 63700, 85657, 1.44193],
		
["20140220", 63300, 64700, 63000, 63800, 114327, 1.44463],
		
["20140221", 64100, 64700, 63800, 64400, 54177, 1.48575],
		
["20140224", 64400, 64500, 63500, 63500, 46058, 1.48756],
		
["20140225", 63500, 64200, 63000, 63100, 63416, 1.50355],
		
["20140226", 62900, 64800, 62400, 64200, 94979, 1.51078],
		
["20140227", 63900, 64800, 63700, 63700, 56755, 1.50141],
		
["20140228", 63700, 64500, 62900, 64400, 64830, 1.51732],
		
["20140303", 63700, 64300, 59200, 59200, 315774, 1.52932],
		
["20140304", 59200, 60300, 58800, 59400, 129969, 1.55663],
		
["20140305", 60200, 60300, 58100, 59900, 136189, 1.55344],
		
["20140306", 59200, 60200, 59000, 60100, 112695, 1.55855],
		
["20140307", 60000, 62400, 60000, 61700, 164315, 1.5392],
		
["20140310", 61700, 61700, 60500, 61000, 70400, 1.51789],
		
["20140311", 60900, 62600, 60600, 61100, 85532, 1.52581],
		
["20140312", 61300, 62000, 60700, 61900, 59457, 1.49469],
		
["20140313", 61900, 62000, 61000, 62000, 64644, 1.43269],
		
["20140314", 61600, 61900, 60600, 61600, 111097, 1.41435],
		
["20140317", 61500, 61900, 60800, 60900, 33699, 1.39548],
		
["20140318", 61000, 61300, 59500, 59700, 111101, 1.45317],
		
["20140319", 60000, 60200, 59000, 59300, 55016, 1.45388],
		
["20140320", 59100, 59600, 58500, 59300, 66866, 1.44178],
		
["20140321", 59400, 61200, 59400, 61200, 105791, 1.42554],
		
["20140324", 61800, 61800, 60400, 61300, 74716, 1.36068],
		
["20140325", 61400, 61400, 60600, 61200, 48743, 1.35055],
		
["20140326", 61400, 64700, 61400, 64400, 269335, 1.39636],
		
["20140327", 64400, 65200, 63500, 64900, 127804, 1.35657],
		
["20140328", 65200, 65900, 64500, 64800, 95979, 1.35606],
		
["20140331", 64700, 65700, 64300, 65700, 93697, 1.3667],
		
["20140401", 65700, 66700, 65100, 65900, 85614, 1.3817],
		
["20140402", 66000, 66200, 64500, 64800, 84334, 1.37332],
		
["20140403", 64600, 65700, 63600, 63800, 132340, 1.44241],
		
["20140404", 64400, 65000, 63800, 64000, 69324, 1.46198],
		
["20140407", 63500, 64500, 63200, 63200, 55547, 1.41347],
		
["20140408", 63000, 64600, 63000, 63400, 50222, 1.3933],
		
["20140409", 63800, 64500, 62600, 63500, 105070, 1.41156],
		
["20140410", 63500, 63900, 62800, 63000, 57791, 1.42561],
		
["20140411", 62700, 65200, 62500, 63300, 185717, 1.42317],
		
["20140414", 63400, 64700, 63200, 63300, 81998, 1.38037],
		
["20140415", 64200, 64900, 63000, 63600, 87609, 1.3637],
		
["20140416", 63000, 63500, 62400, 63000, 79804, 1.36068],
		
["20140417", 62900, 62900, 61500, 62100, 107253, 1.3588],
		
["20140418", 62300, 62700, 61600, 61900, 73194, 1.38313],
		
["20140421", 62100, 62200, 60800, 61100, 89272, 1.37873],
		
["20140422", 61200, 61900, 60300, 61800, 94813, 1.41888],
		
["20140423", 61800, 61800, 61300, 61800, 54902, 1.3881],
		
["20140424", 61300, 61500, 60600, 60900, 62440, 1.34768],
		
["20140425", 61000, 61900, 60400, 61500, 73726, 1.34861],
		
["20140428", 61000, 61900, 60600, 61500, 58102, 1.33213],
		
["20140429", 61600, 62400, 61000, 62300, 62576, 1.28732],
		
["20140430", 62200, 62200, 61000, 61600, 63280, 1.28388],
		
["20140502", 61200, 61400, 60600, 61000, 39090, 1.27501],
		
["20140507", 60500, 60800, 59300, 59400, 70115, 1.24155],
		
["20140508", 59200, 59800, 57500, 57600, 95811, 1.23682],
		
["20140509", 58000, 59200, 58000, 58400, 66659, 1.29883],
		
["20140512", 58100, 59400, 57700, 58100, 56297, 1.30898],
		
["20140513", 58200, 58500, 58000, 58300, 33657, 1.31514],
		
["20140514", 58500, 59600, 58500, 59500, 45735, 1.31828],
		
["20140515", 59500, 60000, 59500, 59800, 22833, 1.30981],
		
["20140516", 59600, 59900, 58600, 58600, 45002, 1.30076],
		
["20140519", 60000, 61200, 58600, 58900, 110281, 1.27795],
		
["20140520", 59300, 59400, 54100, 54400, 312127, 1.21548],
		
["20140521", 54000, 55300, 53500, 54700, 119109, 1.27202],
		
["20140522", 54800, 55200, 53700, 53800, 151566, 1.263],
		
["20140523", 53700, 55200, 53700, 55000, 131451, 1.48895],
		
["20140526", 55200, 55400, 54700, 55000, 56481, 1.51815],
		
["20140527", 55000, 55200, 53700, 54100, 132719, 1.5657],
		
["20140528", 54200, 54600, 53300, 53300, 147583, 1.61493],
		
["20140529", 53900, 53900, 50500, 51200, 226812, 1.65783],
		
["20140530", 51200, 52500, 51000, 51800, 111191, 1.71222],
		
["20140602", 51100, 51800, 50600, 50700, 64180, 1.71081],
		
["20140603", 50600, 51500, 49600, 51300, 92901, 1.70408],
		
["20140605", 51300, 51300, 49850, 50000, 64753, 1.69133],
		
["20140609", 50400, 50800, 49950, 50000, 69080, 1.70498],
		
["20140610", 50100, 50800, 50000, 50500, 56010, 1.69473],
		
["20140611", 50300, 50600, 50000, 50100, 58335, 1.66721],
		
["20140612", 49900, 51200, 49750, 50500, 70789, 1.67068],
		
["20140613", 50600, 50800, 49650, 49750, 95233, 1.59034],
		
["20140616", 50000, 50500, 48350, 48500, 134505, 1.56924],
		
["20140617", 48750, 48950, 45900, 46400, 335843, 1.66812],
		
["20140618", 46000, 47700, 46000, 46450, 179549, 1.78162],
		
["20140619", 46900, 47400, 46800, 47000, 70844, 1.82581],
		
["20140620", 47500, 47900, 46600, 46950, 92586, 1.78841],
		
["20140623", 47000, 48400, 46750, 47100, 65197, 1.80619],
		
["20140624", 47100, 48000, 46700, 47850, 62140, 1.95595],
		
["20140625", 48100, 48200, 47450, 47450, 49383, 1.95379],
		
["20140626", 47600, 48300, 47600, 48000, 54528, 1.97286],
		
["20140627", 48400, 49200, 47900, 49200, 67477, 1.9807],
		
["20140630", 49800, 49800, 48750, 49600, 68975, 1.97733],
		
["20140701", 49600, 49900, 49100, 49900, 45017, 1.9881],
		
["20140702", 50100, 50300, 49200, 49200, 71790, 1.95847],
		
["20140703", 49150, 49700, 48500, 49250, 44060, 1.98953],
		
["20140704", 49300, 49650, 48850, 49650, 39214, 1.99739],
		
["20140707", 49850, 49850, 49100, 49550, 43522, 2.0074],
		
["20140708", 49300, 49750, 49200, 49750, 36586, 2.05978],
		
["20140709", 49800, 49900, 49100, 49550, 51136, 2.07293],
		
["20140710", 49700, 49700, 48750, 48750, 42427, 2.08958],
		
["20140711", 48250, 49400, 48050, 49400, 61329, 2.11008],
		
["20140714", 49650, 51600, 49300, 51600, 166233, 2.08959],
		
["20140715", 52000, 52300, 51200, 51700, 101039, 2.05631],
		
["20140716", 51800, 52700, 51300, 52700, 104614, 2.07421],
		
["20140717", 52400, 52900, 52000, 52200, 56162, 2.04381],
		
["20140718", 51600, 52700, 51300, 52500, 53018, 2.04825],
		
["20140721", 52200, 54200, 51800, 52000, 124941, 2.03889],
		
["20140722", 51700, 53000, 51100, 52900, 50122, 2.06259],
		
["20140723", 53300, 53600, 52500, 53500, 84207, 2.09451],
		
["20140724", 53900, 54400, 52900, 54300, 146619, 2.09031],
		
["20140725", 54500, 54700, 53400, 54400, 92847, 2.03245],
		
["20140728", 54500, 55900, 53900, 55500, 133155, 2.15639],
		
["20140729", 56400, 56800, 55400, 55400, 120896, 2.15549],
		
["20140730", 55700, 55900, 54200, 55500, 109924, 2.17432],
		
["20140731", 55300, 57800, 55300, 57400, 192182, 2.22407],
		
["20140801", 56900, 58500, 56900, 57900, 132064, 2.21421],
		
["20140804", 58200, 58400, 56700, 56800, 99953, 2.17702],
		
["20140805", 56700, 56700, 55100, 55100, 119924, 2.16981],
		
["20140806", 55100, 55600, 53400, 55300, 159151, 2.66556],
		
["20140807", 55200, 55400, 53700, 53800, 74060, 2.60156],
		
["20140808", 53500, 54900, 52500, 54200, 66675, 2.59865],
		
["20140811", 54600, 56500, 54200, 56000, 84063, 2.59874],
		
["20140812", 56700, 57600, 56200, 56800, 112448, 2.40686],
		
["20140813", 57200, 58000, 55900, 57300, 96458, 1.96876],
		
["20140814", 57400, 57600, 56400, 57100, 66188, 1.97896],
		
["20140818", 57000, 57100, 56100, 56100, 33654, 1.95405],
		
["20140819", 56100, 57300, 55300, 57000, 77278, 1.93381],
		
["20140820", 57900, 58800, 57400, 57500, 166603, 1.84121],
		
["20140821", 58100, 58200, 57100, 57700, 98707, 1.62708],
		
["20140822", 57700, 57700, 56400, 57500, 149615, 1.62502],
		
["20140825", 56700, 58700, 56700, 57900, 74561, 1.60966],
		
["20140826", 58500, 59300, 58200, 59300, 118687, 1.58377],
		
["20140827", 59500, 60700, 58700, 60400, 157645, 1.55689],
		
["20140828", 61000, 61500, 60700, 61300, 89001, 1.59621],
		
["20140829", 61800, 61800, 60000, 60000, 76629, 1.61409],
		
["20140901", 59900, 62700, 59900, 62700, 127830, 1.68318],
		
["20140902", 62700, 62900, 61700, 62600, 114265, 1.66984],
		
["20140903", 62600, 64600, 62300, 64400, 174481, 1.60994],
		
["20140904", 64500, 65300, 63700, 64400, 96361, 1.59347],
		
["20140905", 64400, 64600, 63100, 63300, 103466, 1.61119],
		
["20140911", 62800, 64400, 62800, 63400, 59255, 1.62349],
		
["20140912", 63400, 65100, 63400, 64900, 97409, 1.56452],
		
["20140915", 65000, 65700, 63800, 63800, 73007, 1.53841],
		
["20140916", 63300, 63900, 62900, 63400, 63983, 1.55981],
		
["20140917", 63500, 64500, 63300, 64200, 58243, 2.3602],
		
["20140918", 64000, 64500, 63500, 63700, 42720, 2.35824],
		
["20140919", 64400, 64400, 61800, 62400, 130049, 2.30405],
		
["20140922", 62700, 63500, 61300, 63100, 102417, 2.27601],
		
["20140923", 63000, 64000, 62500, 64000, 78184, 2.23268],
		
["20140924", 63900, 64500, 62800, 64300, 73326, 2.18043],
		
["20140925", 64300, 64400, 63500, 63500, 45654, 2.12452],
		
["20140926", 63500, 63700, 62300, 62700, 64375, 2.0705],
		
["20140929", 62200, 62300, 60300, 60500, 78661, 2.0775],
		
["20140930", 60200, 65300, 60000, 64800, 181875, 2.07503],
		
["20141001", 64500, 64700, 62600, 63600, 64930, 2.01407],
		
["20141002", 62900, 64600, 62500, 63900, 82688, 1.97263],
		
["20141006", 63500, 63700, 61500, 61700, 57333, 1.94295],
		
["20141007", 61300, 63900, 61300, 63400, 62691, 1.98467],
		
["20141008", 63000, 64700, 63000, 64600, 79859, 1.94962],
		
["20141010", 64400, 65500, 63900, 64800, 99040, 1.895],
		
["20141013", 64100, 66200, 63900, 65400, 141599, 1.82172],
		
["20141014", 65400, 66000, 64300, 64500, 88841, 1.74867],
		
["20141015", 65000, 66300, 64100, 66300, 85023, 1.7033],
		
["20141016", 66200, 67400, 64900, 66800, 107976, 1.68481],
		
["20141017", 67300, 67400, 65200, 65600, 91641, 1.66835],
		
["20141020", 65200, 68000, 65200, 67800, 98073, 1.68406],
		
["20141021", 67400, 69800, 66900, 69600, 140151, 1.65441],
		
["20141022", 69800, 70400, 68800, 69600, 70929, 1.64746],
		
["20141023", 69200, 70000, 68300, 68500, 55385, 1.65847],
		
["20141024", 68900, 69600, 67600, 67800, 47610, 1.64847],
		
["20141027", 68000, 68400, 66700, 67400, 57909, 1.62624],
		
["20141028", 68300, 69300, 67100, 68500, 40818, 1.63634],
		
["20141029", 69100, 70000, 68800, 69500, 62911, 1.64794],
		
["20141030", 67900, 68200, 62600, 66000, 333506, 1.56411],
		
["20141031", 65500, 65900, 63600, 65000, 83472, 1.58106],
		
["20141103", 64100, 64900, 63200, 64700, 62506, 1.50193],
		
["20141104", 64700, 66700, 63600, 65800, 128872, 1.48227],
		
["20141105", 66100, 66700, 64700, 66400, 55318, 1.4395],
		
["20141106", 66300, 66400, 64700, 64800, 33251, 1.42602],
		
["20141107", 64400, 65300, 63400, 64000, 52321, 1.44283],
		
["20141110", 64000, 64400, 61800, 63200, 85820, 1.46882],
		
["20141111", 62200, 63400, 61500, 61800, 88581, 1.52391],
		
["20141112", 62000, 62000, 59300, 60300, 175544, 1.62969],
		
["20141113", 60400, 60900, 60100, 60400, 68200, 1.67485],
		
["20141114", 60500, 60500, 58600, 59400, 75906, 1.66085],
		
["20141117", 58300, 59300, 57200, 57200, 113456, 1.71458],
		
["20141118", 56500, 60800, 56500, 60400, 111025, 1.78011],
		
["20141119", 60600, 60700, 58900, 59500, 56461, 1.70746],
		
["20141120", 59700, 60400, 57600, 57900, 73008, 1.66697],
		
["20141121", 58000, 62300, 58000, 62000, 139515, 1.70195],
		
["20141124", 62800, 63400, 61000, 62300, 89436, 1.63769],
		
["20141125", 62300, 63600, 61700, 62000, 87340, 1.5851],
		
["20141126", 59000, 59400, 58200, 59000, 2334896, 2.13342],
		
["20141127", 59000, 59500, 58500, 59300, 120925, 2.0646],
		
["20141128", 59000, 59300, 58500, 59000, 80821, 1.7464],
		
["20141201", 58700, 58900, 57000, 57100, 104355, 1.47335],
		
["20141202", 57600, 58600, 56000, 57600, 203756, 1.41939],
		
["20141203", 57600, 58000, 57200, 57800, 37007, 1.41666],
		
["20141204", 57500, 58700, 57100, 57400, 90565, 1.41224],
		
["20141205", 57400, 57600, 55800, 55900, 155139, 1.53177],
		
["20141208", 55900, 56400, 55800, 56100, 43303, 1.47642],
		
["20141209", 55700, 56200, 55400, 55400, 43829, 1.46911],
		
["20141210", 55100, 55300, 52500, 53400, 138579, 1.46082],
		
["20141211", 52500, 53900, 51800, 53300, 88458, 1.44114],
		
["20141212", 53100, 54400, 52300, 53000, 141303, 1.40818],
		
["20141215", 52600, 53600, 52200, 53000, 69385, 1.42091],
		
["20141216", 50500, 50500, 49150, 50000, 2177590, 3.39033],
		
["20141217", 50500, 53800, 50200, 53200, 322930, 3.4652],
		
["20141218", 53100, 53700, 50900, 51000, 93807, 3.44992],
		
["20141219", 51600, 52500, 51200, 51600, 89160, 3.38026],
		
["20141222", 51300, 52600, 50800, 52400, 74225, 3.40763],
		
["20141223", 52300, 53000, 51800, 52400, 58443, 3.23605],
		
["20141224", 52000, 52700, 51700, 52200, 52228, 3.21267],
		
["20141226", 52300, 53300, 52100, 52500, 59968, 3.14322],
		
["20141229", 52800, 52800, 50800, 51800, 91563, 3.07625],
		
["20141230", 51100, 51800, 50300, 51300, 73771, 3.05752],
		
["20150102", 51100, 51400, 49550, 49650, 130343, 3.09177],
		
["20150105", 49500, 49850, 48450, 49300, 105841, 3.26961],
		
["20150106", 48800, 48800, 46800, 47100, 253503, 3.38699],
		
["20150107", 46850, 47550, 46500, 46550, 155428, 3.51699],
		
["20150108", 46800, 47900, 46500, 47750, 167238, 3.60367],
		
["20150109", 47900, 48800, 47400, 48500, 106248, 3.61562],
		
["20150112", 48500, 49700, 47950, 49100, 87264, 3.58258],
		
["20150113", 49400, 49400, 48150, 48900, 67421, 3.59887],
		
["20150114", 48900, 48950, 47700, 47700, 72860, 3.58311],
		
["20150115", 47500, 48050, 46500, 47850, 149271, 3.63131],
		
["20150116", 47900, 47900, 46100, 46150, 173704, 3.64111],
		
["20150119", 46250, 47000, 45550, 45800, 158425, 3.69253],
		
["20150120", 45750, 46850, 45100, 45350, 220954, 3.77428],
		
["20150121", 45400, 45600, 43900, 44900, 295977, 3.81859],
		
["20150122", 45500, 45500, 42900, 43150, 403123, 3.94772],
		
["20150123", 43550, 43750, 41700, 41850, 419877, 4.04379],
		
["20150126", 41700, 43350, 41700, 42550, 216877, 4.11261],
		
["20150127", 42550, 43150, 42200, 42850, 157118, 4.03246],
		
["20150128", 42600, 43300, 42350, 43250, 149251, 4.02002],
		
["20150129", 43250, 43800, 42800, 43100, 144696, 3.93065],
		
["20150130", 43450, 43450, 42100, 42650, 191310, 3.90375],
		
["20150202", 42650, 43150, 41900, 43000, 201736, 3.78949],
		
["20150203", 43000, 43000, 42150, 42400, 160172, 3.68439],
		
["20150204", 42700, 43900, 42550, 43850, 319608, 3.58107],
		
["20150205", 43550, 43700, 42850, 43000, 259655, 3.39308],
		
["20150206", 43050, 43350, 42200, 43000, 172538, 3.40134],
		
["20150209", 43200, 43950, 43050, 43950, 176417, 3.36744],
		
["20150210", 44350, 46650, 44300, 46450, 507257, 3.23015],
		
["20150211", 46450, 46950, 45400, 46250, 251715, 3.12961],
		
["20150212", 46300, 46350, 45200, 45500, 173034, 3.02555],
		
["20150213", 45750, 46850, 44500, 45500, 211658, 3.10338],
		
["20150216", 46000, 46100, 43550, 43650, 354344, 3.16354],
		
["20150217", 43350, 46350, 42150, 46100, 395582, 3.26825],
		
["20150223", 46850, 48300, 46250, 48050, 315458, 3.08159],
		
["20150224", 48150, 48550, 47200, 47600, 218023, 3.0145],
		
["20150225", 47650, 48950, 47600, 48850, 182775, 3.11962],
		
["20150226", 48900, 49350, 47900, 48700, 150775, 3.09096],
		
["20150227", 48550, 48600, 47450, 48000, 184714, 3.10573],
		
["20150302", 48500, 49500, 47200, 49500, 241714, 3.02951],
		
["20150303", 49800, 50700, 49100, 50500, 265365, 2.91219],
		
["20150304", 54400, 55100, 50100, 50700, 996033, 2.66093],
		
["20150305", 51500, 52700, 50700, 51100, 310484, 2.9374],
		
["20150306", 51400, 52200, 50500, 51800, 230613, 2.89887],
		
["20150309", 50800, 51600, 50000, 50300, 159945, 2.89224],
		
["20150310", 50500, 50700, 48150, 48300, 298602, 3.03716],
		
["20150311", 47950, 48250, 46200, 46950, 478719, 3.1015],
		
["20150312", 46950, 47800, 46150, 47200, 169348, 3.12987],
		
["20150313", 47200, 47600, 46500, 47250, 120618, 3.07657],
		
["20150316", 47300, 47300, 45500, 45600, 140264, 3.05667],
		
["20150317", 46000, 46000, 45450, 45750, 158916, 3.10072],
		
["20150318", 46000, 47200, 45750, 46400, 174944, 3.24288],
		
["20150319", 47000, 47050, 45950, 46500, 146261, 3.24324],
		
["20150320", 46750, 46800, 45550, 45900, 128803, 3.29837],
		
["20150323", 46000, 46900, 45900, 46700, 98591, 3.33215],
		
["20150324", 47100, 48200, 46800, 47950, 164404, 3.3178],
		
["20150325", 48200, 48700, 47500, 48500, 153306, 3.17788],
		
["20150326", 48100, 48750, 47700, 47950, 110482, 3.16795],
		
["20150327", 48050, 48400, 47450, 48000, 133677, 3.13868],
		
["20150330", 47800, 48450, 46850, 48350, 176110, 3.1035],
		
["20150331", 48700, 48700, 47700, 48250, 106253, 3.1341],
		
["20150401", 48100, 48150, 47000, 47100, 100919, 3.15794],
		
["20150402", 46800, 47350, 46150, 46400, 123784, 3.15906],
		
["20150403", 46350, 46850, 45800, 46450, 146837, 3.20809],
		
["20150406", 46450, 46600, 45550, 45900, 163895, 3.28053],
		
["20150407", 45900, 46600, 45900, 46050, 85820, 3.30781],
		
["20150408", 46600, 47200, 44050, 44300, 442832, 3.34628],
		
["20150409", 44500, 44500, 43450, 43800, 271696, 3.40955],
		
["20150410", 43800, 44550, 43600, 44400, 181576, 3.40897],
		
["20150413", 44200, 44400, 43800, 43900, 200350, 3.37237],
		
["20150414", 44200, 45700, 44050, 45650, 290710, 3.31041],
		
["20150415", 45900, 46150, 45150, 45450, 157835, 3.11584],
		
["20150416", 45700, 46250, 45300, 45350, 158885, 3.07335],
		
["20150417", 45700, 46100, 44900, 45100, 247396, 3.11108],
		
["20150420", 44600, 45350, 44350, 45150, 116530, 3.13898],
		
["20150421", 45600, 45850, 45150, 45300, 169651, 3.11639],
		
["20150422", 45300, 46900, 44900, 46250, 427015, 3.1375],
		
["20150423", 47950, 48150, 45700, 45800, 475401, 3.02168],
		
["20150424", 45550, 45700, 44200, 44450, 419597, 2.74032],
		
["20150427", 43150, 43450, 42650, 42750, 490101, 2.75512],
		
["20150428", 42900, 43350, 42000, 42100, 364012, 3.73786],
		
["20150429", 42400, 42850, 41800, 42250, 267102, 3.79389],
		
["20150430", 42000, 42200, 41700, 41700, 254177, 3.69129],
		
["20150504", 41750, 41950, 40700, 40900, 262682, 3.52743],
		
["20150506", 40700, 42500, 40650, 41450, 234756, 3.22718],
		
["20150507", 41450, 41500, 40150, 40400, 242657, 3.11284],
		
["20150508", 40750, 41350, 40600, 41300, 103641, 3.1221],
		
["20150511", 41450, 42050, 40700, 40900, 147396, 3.09016],
		
["20150512", 40900, 41200, 40350, 40750, 140101, 3.03838],
		
["20150513", 40650, 40850, 39900, 39950, 258397, 2.97561],
		
["20150514", 40050, 40150, 39300, 39400, 296912, 3.15382],
		
["20150515", 39600, 39750, 38600, 38650, 263790, 3.02213],
		
["20150518", 38650, 38750, 37600, 37800, 298412, 3.20476],
		
["20150519", 37700, 38800, 37700, 38100, 189918, 3.08464],
		
["20150520", 38350, 38700, 37600, 37650, 158135, 2.99928],
		
["20150521", 37650, 37650, 36150, 36200, 349519, 3.0305],
		
["20150522", 35800, 38250, 35800, 38200, 339339, 3.11382],
		
["20150526", 38200, 39350, 36800, 37200, 293938, 2.96016],
		
["20150527", 37000, 38000, 36950, 37750, 151666, 3.02314],
		
["20150528", 37800, 39200, 37500, 38650, 265205, 2.95707],
		
["20150529", 38900, 38900, 37850, 37850, 150177, 2.92334],
		
["20150601", 37950, 38800, 37300, 38800, 155035, 3.02514],
		
["20150602", 39200, 39700, 38300, 38600, 206683, 3.06418],
		
["20150603", 38750, 38900, 37100, 37300, 178112, 3.0835],
		
["20150604", 37500, 38000, 36900, 37300, 123097, 3.17865],
		
["20150605", 37100, 38400, 37050, 38400, 126347, 3.28149],
		
["20150608", 38500, 39350, 37750, 38050, 183605, 3.27328],
		
["20150609", 39000, 41450, 38850, 40000, 797264, 3.40665],
		
["20150610", 40150, 40400, 39050, 39350, 278853, 3.46252],
		
["20150611", 39650, 40900, 39050, 40900, 297938, 3.38909],
		
["20150612", 41250, 41300, 39500, 39700, 198621, 3.27434],
		
["20150615", 39150, 40050, 38200, 38200, 172183, 3.27451],
		
["20150616", 37500, 39350, 37450, 39350, 223840, 3.37646],
		
["20150617", 39600, 41400, 39200, 41100, 367692, 3.57229],
		
["20150618", 41400, 43000, 41100, 42700, 444374, 3.77476],
		
["20150619", 43000, 43400, 41950, 42750, 268420, 3.86241],
		
["20150622", 42800, 43500, 41850, 42350, 221912, 3.95647],
		
["20150623", 42400, 42700, 41350, 41650, 197448, 4.05989],
		
["20150624", 41900, 42650, 41300, 42500, 165243, 3.55963],
		
["20150625", 42400, 42400, 40950, 41000, 181483, 3.33355],
		
["20150626", 40700, 40950, 40000, 40300, 145502, 2.92528],
		
["20150629", 39450, 39600, 38100, 38250, 209167, 2.92651],
		
["20150630", 38000, 39000, 38000, 38350, 138515, 2.95279],
		
["20150701", 38450, 38800, 38150, 38650, 150917, 2.96157],
		
["20150702", 38750, 39350, 38550, 38950, 115684, 2.9204],
		
["20150703", 38950, 40100, 38450, 39700, 149801, 2.88872],
		
["20150706", 39400, 39400, 38050, 38150, 126303, 2.84128],
		
["20150707", 38700, 38800, 37500, 38250, 126538, 2.86208],
		
["20150708", 38500, 39100, 37950, 38200, 72515, 2.85063],
		
["20150709", 37650, 37900, 36900, 37300, 190959, 2.84046],
		
["20150710", 37300, 37550, 36000, 36600, 354538, 2.97988],
		
["20150713", 36950, 37850, 36650, 37700, 85460, 3.03696],
		
["20150714", 37900, 38300, 37450, 37500, 97626, 3.00894],
		
["20150715", 37550, 38300, 37300, 37450, 84143, 3.01664],
		
["20150716", 37550, 37800, 37250, 37400, 75648, 3.04],
		
["20150717", 37400, 37500, 36400, 36600, 153836, 3.04],
		
["20150720", 36900, 37100, 36600, 36700, 54098, 3.03],
		
["20150721", 36950, 37200, 36300, 36500, 76114, 3.02],
		
["20150722", 36350, 36750, 36350, 36500, 70175, 3.04],
		
["20150723", 36650, 36900, 36000, 36000, 79159, 3.03],
		
["20150724", 36050, 36050, 33100, 33150, 361735, 3.02],
		
["20150727", 32500, 33450, 32350, 32700, 126760, 3.06],
		
["20150728", 31500, 31900, 30750, 30850, 380140, 2.95],
		
["20150729", 30850, 31050, 29100, 29150, 391381, 2.85],
		
["20150730", 28900, 29500, 28000, 28100, 322290, 2.78],
		
["20150731", 27900, 28650, 27500, 28150, 214415, 2.71],
		
["20150803", 28300, 29750, 28150, 28850, 242271, 2.57],
		
["20150804", 29300, 29300, 28500, 28850, 119147, 2.45],
		
["20150805", 28350, 28800, 27700, 28150, 189952, 2.46],
		
["20150806", 28300, 28650, 27850, 28100, 147397, 2.41],
		
["20150807", 28150, 28150, 27600, 27700, 102941, 2.39],
		
["20150810", 27550, 27900, 25600, 25800, 265942, 2.37],
		
["20150811", 25850, 26700, 25750, 26050, 177619, 2.46],
		
["20150812", 26000, 26350, 25300, 25750, 124317, 2.49],
		
["20150813", 25800, 26750, 25650, 26250, 137181, 2.49],
		
["20150817", 26200, 26450, 25850, 25850, 68893, 2.45],
		
["20150818", 26150, 26200, 25600, 25750, 96070, 2.41],
		
["20150819", 25650, 25850, 23900, 24050, 197497, 2.32],
		
["20150820", 24050, 24450, 23250, 23300, 156468, 2.28],
		
["20150821", 22550, 23150, 22100, 22850, 256917, 2.19],
		
["20150824", 22500, 23900, 22500, 22850, 187219, 2.1],
		
["20150825", 22800, 23850, 22500, 23750, 146325, 2.03],
		
["20150826", 23950, 24400, 23500, 24300, 135589, 1.91],
		
["20150827", 24550, 24800, 24000, 24150, 107885, 1.82],
		
["20150828", 24400, 26300, 24300, 25700, 247578, 1.83],
		
["20150831", 25950, 25950, 24900, 25200, 153259, 1.77],
		
["20150901", 25100, 25700, 24750, 24900, 92797, 1.74],
		
["20150902", 24200, 24900, 23800, 24900, 266279, 1.67],
		
["20150903", 26000, 32300, 25800, 31100, 2734372, 1.78],
		
["20150904", 31400, 31700, 27650, 28100, 1054614, 1.71],
		
["20150907", 28000, 29600, 27650, 28250, 489969, 1.67],
		
["20150908", 28300, 28750, 26900, 27100, 329644, 1.72],
		
["20150909", 27250, 28000, 27200, 27600, 257628, 1.68],
		
["20150910", 27050, 29500, 27000, 29100, 421965, 1.7],
		
["20150911", 29100, 29900, 28350, 29250, 232328, 1.61],
		
["20150914", 29700, 29700, 28550, 28750, 144470, 1.6],
		
["20150915", 28650, 29800, 28650, 29700, 173102, 1.6],
		
["20150916", 30150, 30600, 29800, 30000, 254405, 1.65],
		
["20150917", 30300, 30500, 29650, 29850, 196417, 1.67],
		
["20150918", 30100, 30250, 29300, 29750, 132192, 1.68],
		
["20150921", 29400, 29650, 28650, 28800, 174324, 1.64],
		
["20150922", 28850, 29250, 28750, 29000, 96009, 1.7],
		
["20150923", 28900, 29600, 28500, 29300, 116399, 1.65],
		
["20150924", 29300, 29700, 28900, 29000, 102567, 1.53],
		
["20150925", 29000, 30800, 28750, 30450, 301374, 1.47],
		
["20150930", 30200, 30200, 29200, 29400, 175325, 1.35],
		
["20151001", 29400, 30250, 29300, 29800, 116646, 1.38],
		
["20151002", 30050, 30400, 29700, 30000, 95028, 1.37],
		
["20151005", 30350, 30900, 29800, 29850, 127997, 1.4],
		
["20151006", 30300, 30400, 29100, 29550, 129693, 1.44],
		
["20151007", 29300, 30000, 29300, 29550, 68630, 1.49],
		
["20151008", 29650, 30050, 29400, 30000, 108400, 1.56],
		
["20151012", 30300, 31550, 30100, 31400, 247725, 1.61],
		
["20151013", 31650, 32000, 31000, 31100, 145774, 1.62],
		
["20151014", 30950, 32250, 30950, 31650, 174423, 1.63],
		
["20151015", 31650, 32200, 31400, 32100, 110299, 1.68],
		
["20151016", 32300, 32300, 30550, 31700, 285696, 1.64],
		
["20151019", 31600, 31650, 30850, 31100, 89226, 1.64],
		
["20151020", 31100, 31250, 30700, 31100, 65854, 1.65],
		
["20151021", 30700, 31350, 30600, 30750, 96210, 1.68],
		
["20151022", 30600, 30900, 29500, 29600, 158815, 1.66],
		
["20151023", 29900, 30300, 29700, 29900, 70562, 1.63],
		
["20151026", 30300, 32550, 30100, 32400, 355238, 1.7],
		
["20151027", 32600, 34000, 32000, 33450, 351484, 1.73],
		
["20151028", 33750, 34900, 32800, 34100, 303455, 1.69],
		
["20151029", 34050, 34400, 33550, 33750, 153262, 1.67],
		
["20151030", 33750, 35000, 33600, 34200, 197603, 1.57],
		
["20151102", 34400, 34850, 34000, 34400, 171163, 1.61],
		
["20151103", 34400, 34600, 34000, 34100, 132364, 1.66],
		
["20151104", 34350, 36350, 34100, 36250, 317439, 1.87],
		
["20151105", 36400, 36950, 35650, 36300, 233254, 1.72],
		
["20151106", 36300, 36900, 35700, 36800, 170902, 1.7],
		
["20151109", 37000, 37250, 35750, 36000, 162577, 1.65],
		
["20151110", 35400, 36550, 34350, 35350, 194593, 1.74],
		
["20151111", 35650, 36450, 34050, 36100, 147294, 1.78],
		
["20151112", 36000, 37100, 35700, 36950, 119458, 1.78],
		
["20151113", 36350, 36900, 35500, 36200, 152603, 1.75],
		
["20151116", 35650, 35700, 34600, 34650, 161136, 1.79],
		
["20151117", 35400, 35950, 35150, 35300, 104836, 1.83],
		
["20151118", 35500, 36400, 35500, 36250, 99236, 1.86],
		
["20151119", 36750, 37250, 36500, 36950, 146556, 1.88],
		
["20151120", 36600, 36950, 36500, 36600, 69974, 1.88],
		
["20151123", 36950, 37050, 36250, 36750, 72512, 1.87],
		
["20151124", 36750, 36950, 36000, 36000, 72357, 1.87],
		
["20151125", 35800, 36500, 35800, 36050, 77225, 1.92],
		
["20151126", 36300, 36300, 34800, 35100, 159316, 1.95],
		
["20151127", 35000, 35500, 34950, 35500, 73095, 1.94],
		
["20151130", 35500, 35550, 34800, 35550, 208830, 1.94],
		
["20151201", 35500, 36200, 35300, 35350, 95459, 1.73],
		
["20151202", 35450, 35800, 35250, 35300, 43357, 1.92],
		
["20151203", 36200, 37250, 35600, 35850, 207953, 1.89],
		
["20151204", 35450, 35750, 35000, 35300, 63659, 1.88],
		
["20151207", 35550, 35550, 34000, 34100, 140488, 1.9],
		
["20151208", 33300, 33900, 33000, 33550, 112220, 1.97],
		
["20151209", 33900, 33900, 32800, 32850, 79879, 1.96],
		
["20151210", 32900, 33550, 32850, 33050, 58261, 1.96],
		
["20151211", 33000, 33600, 32900, 33100, 42209, 1.98],
		
["20151214", 33100, 33250, 32200, 32950, 89945, 1.97],
		
["20151215", 32400, 34000, 32400, 33100, 95817, 2.01],
		
["20151216", 33450, 34900, 33450, 34700, 86981, 2.01],
		
["20151217", 35050, 35150, 33850, 34000, 53978, 1.98],
		
["20151218", 33850, 34550, 33600, 34400, 40949, 1.97],
		
["20151221", 34300, 35150, 34000, 34600, 59846, 1.96],
		
["20151222", 35000, 35050, 34600, 34750, 69607, 1.91],
		
["20151223", 35000, 35500, 34600, 35450, 103105, 1.91],
		
["20151224", 35600, 35700, 33950, 35500, 178466, 1.89],
		
["20151228", 35500, 35500, 34700, 35200, 76781, 1.86],
		
["20151229", 34650, 35200, 34350, 35200, 48139, 1.82],
		
["20151230", 34950, 35350, 34450, 34600, 43354, 1.79],
		
["20160104", 34300, 34300, 32700, 32700, 114601, 1.77],
		
["20160105", 31450, 32200, 30350, 31500, 305604, 1.88],
		
["20160106", 31550, 32300, 30850, 31100, 129932, 1.92],
		
["20160107", 30700, 31400, 30000, 30050, 121972, 2.14],
		
["20160108", 29700, 29850, 28750, 29400, 132255, 2.04],
		
["20160111", 29050, 29400, 28350, 28350, 122724, 2.08],
		
["20160112", 28400, 28800, 27600, 28000, 141008, 2.14],
		
["20160113", 28150, 29100, 28000, 28900, 68738, 2.12],
		
["20160114", 28500, 28650, 27650, 28200, 83367, 2.08],
		
["20160115", 28700, 28950, 27550, 27900, 68912, 2.07],
		
["20160118", 27250, 27600, 26900, 27250, 61159, 2.06],
		
["20160119", 27000, 27350, 26400, 27150, 81650, 2.09],
		
["20160120", 27000, 27450, 26400, 26650, 76170, 2.08],
		
["20160121", 26100, 27400, 25850, 27100, 83752, 2.14],
		
["20160122", 27000, 28450, 27000, 28400, 97386, 2.11],
		
["20160125", 28600, 28800, 28000, 28300, 51305, 2.08],
		
["20160126", 28000, 28600, 27900, 28450, 35739, 2.06],
		
["20160127", 28550, 29750, 28500, 29400, 127871, 2.05],
		
["20160128", 29100, 30150, 29100, 29650, 93037, 2.06],
		
["20160129", 29650, 29850, 28700, 29000, 46383, 2.04],
		
["20160201", 29200, 29900, 29000, 29650, 85995, 2.1],
		
["20160202", 29600, 29600, 28400, 28500, 78476, 2.07],
		
["20160203", 28650, 28650, 28000, 28100, 55816, 2.11],
		
["20160204", 28500, 29000, 28100, 28750, 67161, 2.18],
		
["20160205", 28800, 29200, 28200, 28450, 45349, 2.19],
		
["20160211", 27250, 27900, 27100, 27750, 73782, 2.22],
		
["20160212", 27800, 27950, 26800, 27150, 64753, 2.25],
		
["20160215", 26950, 27300, 24850, 25000, 427155, 2.26],
		
["20160216", 25000, 25450, 24800, 25400, 204539, 2.31],
		
["20160217", 25450, 25750, 25100, 25100, 111618, 2.25],
		
["20160218", 25300, 26350, 25300, 25700, 126490, 2.22],
		
["20160219", 25500, 26100, 25450, 25950, 79352, 2.18],
		
["20160222", 26200, 26200, 25250, 25600, 99119, 2.19],
		
["20160223", 25700, 25850, 25100, 25250, 104419, 2.19],
		
["20160224", 25050, 25400, 25050, 25100, 69558, 2.16],
		
["20160225", 25200, 25850, 25200, 25350, 83266, 2.17],
		
["20160226", 25500, 26000, 25500, 26000, 97028, 2.18],
		
["20160229", 26200, 27300, 26150, 27100, 186319, 2.21],
		
["20160302", 27450, 27900, 27200, 27650, 231764, 2.32],
		
["20160303", 27650, 28200, 26600, 27300, 140712, 2.28],
		
["20160304", 27300, 29750, 27150, 29750, 271685, 2.35],
		
["20160307", 30000, 30050, 29350, 29700, 106312, 2.35],
		
["20160308", 29950, 30600, 29300, 30250, 129782, 2.36],
		
["20160309", 30250, 30650, 30200, 30650, 125206, 2.32],
		
["20160310", 30900, 31100, 30500, 30900, 78138, 2.39],
		
["20160311", 30600, 30900, 30000, 30500, 80836, 2.34],
		
["20160314", 30500, 30900, 29550, 29800, 81436, 2.37],
		
["20160315", 29900, 30250, 29550, 29650, 57457, 2.39],
		
["20160316", 29700, 30100, 29550, 29700, 49795, 2.34],
		
["20160317", 29850, 30400, 29450, 29950, 87160, 2.37],
		
["20160318", 30300, 30750, 29900, 30300, 122494, 2.33],
		
["20160321", 31700, 32500, 30400, 30450, 275916, 2.25],
		
["20160322", 30550, 31100, 30200, 30300, 88023, 2.26],
		
["20160323", 30300, 30400, 29750, 29900, 71587, 2.26],
		
["20160324", 29700, 30200, 29150, 29650, 61990, 2.26],
		
["20160325", 29700, 29900, 29250, 29350, 59086, 2.21],
		
["20160328", 28900, 30800, 28500, 30600, 166559, 2.19],
		
["20160329", 30650, 31000, 30150, 31000, 106579, 2.16],
		
["20160330", 31000, 31000, 30450, 30600, 53054, 2.18],
		
["20160331", 30300, 31500, 30300, 31250, 123527, 2.18],
		
["20160401", 31550, 31800, 30900, 31050, 92220, 2.17],
		
["20160404", 31100, 31200, 30100, 30400, 107329, 2.11],
		
["20160405", 30100, 30600, 30050, 30250, 32560, 1.89],
		
["20160406", 30150, 30500, 29650, 29800, 81660, 1.97],
		
["20160407", 29950, 30750, 29500, 30650, 75830, 1.91],
		
["20160408", 30300, 31150, 30050, 31050, 86697, 1.89],
		
["20160411", 31050, 32000, 31050, 31850, 110762, 1.87],
		
["20160412", 32100, 32200, 31350, 31900, 68992, 1.88],
		
["20160414", 31600, 32600, 31600, 32600, 103442, 1.95],
		
["20160415", 32300, 32550, 31650, 31900, 89724, 2.01],
		
["20160418", 31350, 32200, 31000, 31500, 107475, 2.07],
		
["20160419", 31650, 33600, 31550, 33150, 242217, 2.18],
		
["20160420", 33400, 34100, 33200, 33700, 150237, 2.15],
		
["20160421", 33750, 34400, 33100, 34250, 135118, 2.16],
		
["20160422", 33750, 34200, 33050, 33200, 103858, 2.18],
		
["20160425", 32800, 34100, 32800, 33800, 84506, 2.32],
		
["20160426", 33850, 34100, 33400, 34000, 95323, 2.3],
		
["20160427", 34150, 34150, 33200, 33400, 70460, 2.27],
		
["20160428", 33450, 34100, 32450, 32650, 156419, 2.33],
		
["20160429", 32750, 33800, 32350, 33650, 80698, 2.32],
		
["20160502", 33200, 33650, 32800, 33150, 110718, 2.27],
		
["20160503", 33200, 33700, 32550, 32700, 81799, 2.26],
		
["20160504", 32300, 32650, 30000, 31050, 162253, 2.26],
		
["20160509", 30700, 31550, 30700, 31300, 93614, 2.22],
		
["20160510", 31300, 31550, 30600, 30850, 107694, 2.38],
		
["20160511", 30900, 31850, 30750, 31050, 74835, 2.36],
		
["20160512", 30800, 31100, 30500, 31050, 34248, 2.36],
		
["20160513", 31050, 31150, 30450, 31000, 64742, 2.28],
		
["20160516", 30700, 31450, 30600, 31250, 61968, 2.31],
		
["20160517", 31500, 31550, 30700, 31050, 55309, 2.28],
		
["20160518", 30800, 31250, 30650, 30700, 60466, 2.31],
		
["20160519", 30650, 31000, 29200, 29300, 164091, 2.3],
		
["20160520", 29000, 29600, 28850, 29100, 85452, 2.31],
		
["20160523", 29400, 29450, 29000, 29050, 62545, 2.32],
		
["20160524", 29100, 29150, 27900, 28050, 172717, 2.22],
		
["20160525", 28550, 28550, 28050, 28350, 85865, 2.23],
		
["20160526", 28450, 28900, 28050, 28250, 85697, 2.2],
		
["20160527", 28250, 28750, 28150, 28300, 79866, 2.19],
		
["20160530", 28300, 28750, 27750, 28550, 83740, 2.14],
		
["20160531", 28250, 29100, 28250, 28600, 81038, 2.11],
		
["20160601", 28950, 29650, 28700, 29250, 118826, 2.13],
		
["20160602", 29400, 29650, 28550, 28700, 89889, 2.02],
		
["20160603", 28650, 29700, 28650, 29400, 87091, 2.03],
		
["20160607", 29900, 29900, 29200, 29300, 57684, 2.0],
		
["20160608", 29650, 29650, 28850, 29250, 60551, 1.95],
		
["20160609", 29550, 29550, 28900, 29000, 79909, 1.97],
		
["20160610", 29000, 29500, 28800, 29200, 78958, 1.96],
		
["20160613", 29200, 29200, 28400, 28600, 62363, 1.87],
		
["20160614", 28450, 28650, 26850, 26950, 288931, 1.72],
		
["20160615", 26550, 27350, 26450, 26900, 137713, 1.79],
		
["20160616", 26700, 26900, 26000, 26100, 127953, 1.8],
		
["20160617", 26200, 26650, 25550, 26050, 110470, 1.83],
		
["20160620", 26000, 26600, 26000, 26350, 58403, 1.83],
		
["20160621", 26250, 26350, 26100, 26150, 58340, 1.82],
		
["20160622", 26000, 26800, 26000, 26750, 73393, 1.82],
		
["20160623", 26750, 26750, 26200, 26550, 50077, 1.82],
		
["20160624", 27950, 28450, 26050, 26150, 485831, 1.66],
		
["20160627", 25100, 26200, 25100, 25900, 120762, 1.68],
		
["20160628", 25400, 26150, 25400, 26150, 108471, 1.68],
		
["20160629", 26600, 27000, 26400, 26450, 129557, 1.68],
		
["20160630", 26550, 26800, 26350, 26600, 77797, 1.68],
		
["20160701", 26900, 26900, 26450, 26600, 78355, 1.68],
		
["20160704", 26750, 26800, 26450, 26550, 56457, 1.67],
		
["20160705", 26600, 26700, 26100, 26300, 77839, 1.56],
		
["20160706", 26250, 26800, 26200, 26500, 96376, 1.62],
		
["20160707", 26550, 26850, 26500, 26800, 63237, 1.67],
		
["20160708", 26800, 26950, 26200, 26350, 75298, 1.65],
		
["20160711", 26700, 27300, 26450, 26900, 108986, 1.7],
		
["20160712", 26750, 26950, 26550, 26600, 75560, 1.67],
		
["20160713", 26700, 27050, 26500, 26650, 80207, 1.66],
		
["20160714", 26650, 26800, 26500, 26750, 44153, 1.65],
		
["20160715", 26750, 26800, 26500, 26600, 75838, 1.61],
		
["20160718", 26450, 26800, 26450, 26700, 55577, 1.65],
		
["20160719", 26700, 26750, 26450, 26500, 46494, 1.65],
		
["20160720", 26700, 26700, 26350, 26400, 41280, 1.65],
		
["20160721", 26350, 26550, 26350, 26400, 59464, 1.68],
		
["20160722", 26350, 26800, 26250, 26700, 67085, 1.75],
		
["20160725", 27450, 28050, 27100, 27300, 232066, 1.87],
		
["20160726", 27300, 27500, 27050, 27150, 78583, 1.84],
		
["20160727", 27150, 30300, 27150, 29700, 784091, 1.98],
		
["20160728", 30050, 31900, 29800, 31450, 713064, 1.93],
		
["20160729", 31500, 31700, 30700, 31400, 237333, 2.05],
		
["20160801", 31350, 32450, 31350, 32050, 235792, 2.22],
		
["20160802", 32200, 32650, 31750, 32250, 198631, 2.41],
		
["20160803", 32100, 33000, 31700, 32850, 223011, 2.56],
		
["20160804", 32700, 32850, 31450, 31700, 214128, 2.67],
		
["20160805", 31800, 33000, 31700, 32950, 209298, 2.85],
		
["20160808", 32950, 32950, 32100, 32700, 91115, 2.89],
		
["20160809", 32700, 33550, 32450, 32850, 115769, 2.98],
		
["20160810", 32950, 33250, 32450, 32850, 95067, 3.05],
		
["20160811", 32700, 33600, 32700, 33150, 155228, 3.15],
		
["20160812", 33250, 34550, 33150, 33250, 217620, 3.22],
		
["20160816", 33350, 33900, 33050, 33200, 98802, 3.28],
		
["20160817", 32900, 33350, 32200, 32350, 110913, 3.38],
		
["20160818", 32550, 34450, 32500, 34100, 288254, 3.57],
		
["20160819", 34400, 34400, 33700, 34250, 146475, 3.6],
		
["20160822", 34000, 34900, 33900, 34500, 198102, 3.69],
		
["20160823", 34500, 34900, 33900, 34900, 106760, 3.76],
		
["20160824", 34650, 35200, 34350, 34500, 96213, 3.74],
		
["20160825", 34500, 35500, 34400, 35500, 195593, 3.91],
		
["20160826", 35350, 35700, 33700, 34100, 160660, 3.69],
		
["20160829", 33800, 34000, 33150, 33550, 85125, 3.76],
		
["20160830", 33750, 34800, 33350, 33750, 101461, 3.79],
		
["20160831", 34150, 34150, 32250, 32450, 137582, 3.79],
		
["20160901", 32600, 33650, 31850, 33150, 109045, 3.87],
		
["20160902", 33400, 33400, 32250, 33000, 61349, 3.75],
		
["20160905", 33050, 33250, 32250, 32750, 95250, 3.8],
		
["20160906", 33000, 33100, 32550, 32800, 38281, 3.82],
		
["20160907", 32800, 33000, 32350, 32650, 44839, 3.81],
		
["20160908", 32450, 33900, 32450, 33400, 123383, 3.8],
		
["20160909", 33400, 33450, 32400, 32600, 65750, 3.56],
		
["20160912", 32200, 32950, 31950, 31950, 79125, 3.63],
		
["20160913", 31950, 32300, 30450, 31100, 132259, 3.69],
		
["20160919", 30550, 31750, 30200, 31750, 90621, 3.7],
		
["20160920", 31500, 31550, 30600, 30950, 77051, 3.66],
		
["20160921", 30700, 31050, 29750, 29900, 200431, 3.76],
		
["20160922", 29800, 30150, 28700, 29350, 253848, 3.94],
		
["20160923", 29400, 30500, 29400, 30350, 161350, 3.98],
		
["20160926", 30450, 30450, 29900, 30300, 79826, 3.93],
		
["20160927", 29750, 31100, 29750, 31050, 123474, 3.89],
		
["20160928", 31050, 31100, 30050, 30050, 87354, 3.82],
		
["20160929", 30100, 30700, 29850, 30250, 57724, 3.81],
		
["20160930", 30200, 30200, 29150, 29150, 126469, 3.73],
		
["20161004", 29000, 30050, 29000, 29850, 98178, 3.74],
		
["20161005", 29850, 29900, 29100, 29450, 57076, 3.69],
		
["20161006", 29400, 29600, 29150, 29150, 51734, 3.66],
		
["20161007", 29100, 29150, 28350, 28350, 117313, 3.62],
		
["20161010", 28700, 28850, 28250, 28750, 64966, 3.62],
		
["20161011", 28900, 28900, 28450, 28700, 72034, 3.56],
		
["20161012", 28450, 29250, 28450, 28750, 50976, 3.53],
		
["20161013", 28850, 29050, 28050, 28200, 66495, 3.49],
		
["20161014", 28300, 28450, 28050, 28150, 49228, 3.46],
		
["20161017", 28050, 28300, 27500, 27500, 81747, 3.4],
		
["20161018", 27400, 28100, 27400, 28050, 54230, 3.31],
		
["20161019", 28100, 28300, 27650, 27800, 57860, 3.28],
		
["20161020", 27650, 29450, 27650, 29400, 172884, 3.26],
		
["20161021", 29850, 30550, 28600, 28600, 368147, 3.11],
		
["20161024", 28650, 29350, 28650, 28900, 62992, 3.12],
		
["20161025", 28800, 29000, 27850, 28200, 85464, 3.13],
		
["20161026", 28050, 28600, 27650, 28000, 72648, 3.12],
		
["20161027", 27750, 28300, 27750, 27950, 53131, 3.12],
		
["20161028", 26500, 26500, 25000, 26150, 516150, 2.94],
		
["20161031", 26000, 26000, 25050, 25100, 165049, 2.8],
		
["20161101", 25100, 25300, 24600, 24650, 156504, 2.62],
		
["20161102", 24150, 24250, 23500, 23650, 189707, 2.5],
		
["20161103", 23250, 23950, 23250, 23950, 95439, 2.44],
		
["20161104", 23700, 23900, 23350, 23550, 104551, 2.33],
		
["20161107", 23800, 24250, 23400, 24150, 87894, 2.23],
		
["20161108", 24350, 24350, 23850, 23900, 90554, 2.19],
		
["20161109", 24050, 24050, 22800, 23150, 170205, 2.12],
		
["20161110", 23400, 24300, 23400, 24250, 107660, 2.05],
		
["20161111", 23950, 24200, 23650, 24000, 65882, 1.97],
		
["20161114", 24100, 24500, 23850, 24250, 65001, 1.89],
		
["20161115", 24500, 24700, 23950, 24700, 99786, 1.79],
		
["20161116", 24700, 25400, 24700, 25150, 141745, 1.66],
		
["20161117", 25150, 25300, 24800, 25000, 59938, 1.64],
		
["20161118", 25300, 25300, 23950, 24450, 94020, 1.58],
		
["20161121", 24100, 24500, 24000, 24450, 68738, 1.56],
		
["20161122", 24250, 24600, 23500, 23550, 100637, 1.52],
		
["20161123", 23550, 23850, 23150, 23200, 101540, 1.46],
		
["20161124", 23250, 23700, 23100, 23100, 119653, 1.41],
		
["20161125", 23150, 23600, 22800, 23150, 106035, 1.34],
		
["20161128", 23350, 23500, 22950, 23100, 64655, 1.29],
		
["20161129", 23450, 23850, 23100, 23600, 77257, 1.25],
		
["20161130", 23650, 23800, 23200, 23350, 53769, 1.18],
		
["20161201", 23450, 24000, 23200, 23800, 71253, 1.18],
		
["20161202", 23500, 24000, 23150, 23250, 92145, 1.1],
		
["20161205", 23100, 23300, 22850, 22950, 48304, 1.08],
		
["20161206", 23350, 23500, 23050, 23250, 45772, 1.07],
		
["20161207", 23250, 24100, 23000, 23850, 76301, 1.03],
		
["20161208", 23900, 24100, 23700, 23950, 57892, 1.0],
		
["20161209", 23800, 24000, 23700, 23900, 46669, 0.99],
		
["20161212", 24400, 24750, 24000, 24450, 93785, 1.0],
		
["20161213", 24800, 24800, 23900, 23950, 124776, 1.01],
		
["20161214", 24150, 24350, 23900, 24000, 59007, 1.03],
		
["20161215", 23900, 24400, 23800, 24400, 42166, 1.04],
		
["20161216", 23900, 24050, 23350, 23550, 436393, 1.19],
		
["20161219", 23650, 23750, 23350, 23600, 54339, 1.18],
		
["20161220", 23700, 23850, 23550, 23750, 77360, 1.18],
		
["20161221", 23750, 23850, 23450, 23650, 55240, 1.15],
		
["20161222", 23550, 23650, 23350, 23450, 46829, 1.14],
		
["20161223", 23300, 23950, 23000, 23850, 98722, 1.22],
		
["20161226", 23900, 23950, 23650, 23850, 42465, 1.22],
		
["20161227", 23950, 23950, 23700, 23750, 39154, 1.2],
		
["20161228", 23900, 23900, 23350, 23650, 54020, 1.24],
		
["20161229", 23800, 23800, 23550, 23650, 27764, 1.16],
		
["20170102", 23650, 23750, 23450, 23550, 53288, 1.16],
		
["20170103", 23400, 24200, 23400, 24050, 77916, 1.61],
		
["20170104", 24150, 24750, 24000, 24600, 125793, 1.68],
		
["20170105", 24700, 24850, 24500, 24550, 57675, 1.74],
		
["20170106", 24550, 24550, 24250, 24450, 52619, 1.73],
		
["20170109", 24500, 24500, 23750, 23750, 83905, 1.54],
		
["20170110", 23750, 23800, 23450, 23550, 50921, 1.5],
		
["20170111", 23550, 24050, 23550, 24000, 41666, 1.37],
		
["20170112", 24000, 24400, 24000, 24300, 65260, 1.41],
		
["20170113", 24250, 24500, 24200, 24250, 54040, 1.46],
		
["20170116", 24250, 24450, 23950, 23950, 43933, 1.45],
		
["20170117", 24150, 24250, 24000, 24050, 36017, 1.42],
		
["20170118", 23950, 24250, 23850, 24250, 76100, 1.44],
		
["20170119", 24300, 24300, 23600, 23800, 106894, 1.35],
		
["20170120", 24000, 24000, 23550, 23550, 43772, 1.3],
		
["20170123", 23600, 24150, 23550, 23900, 61375, 1.28],
		
["20170124", 24100, 24100, 23600, 23850, 42421, 1.25],
		
["20170125", 24000, 24000, 23550, 23650, 44936, 1.22],
		
["20170126", 23650, 23800, 23350, 23500, 50887, 1.23],
		
["20170131", 23500, 23700, 23350, 23600, 31306, 1.23],
		
["20170201", 23500, 24050, 23500, 24000, 46368, 1.24],
		
["20170202", 23850, 24200, 23700, 23850, 50390, 1.31],
		
["20170203", 23800, 24150, 23650, 23700, 36062, 1.26],
		
["20170206", 23950, 23950, 23500, 23600, 38476, 1.25],
		
["20170207", 23700, 23800, 23500, 23650, 57819, 1.29],
		
["20170208", 23550, 23750, 23550, 23600, 29017, 1.3],
		
["20170209", 24000, 25800, 23950, 25750, 529464, 1.38],
		
["20170210", 25900, 25900, 25200, 25750, 193602, 1.38],
		
["20170213", 26000, 26000, 25450, 25900, 135022, 1.41],
		
["20170214", 25550, 26000, 25350, 25850, 185261, 1.38],
		
["20170215", 26100, 26400, 25450, 25650, 149909, 1.39],
		
["20170216", 25800, 25950, 25050, 25850, 112129, 1.46],
		
["20170217", 25850, 26350, 25600, 26000, 94862, 1.47],
		
["20170220", 26350, 26350, 25750, 26150, 88213, 1.47],
		
["20170221", 26150, 26650, 26050, 26350, 95926, 1.47],
		
["20170222", 26600, 26600, 25900, 25950, 83416, 1.48],
		
["20170223", 25950, 25950, 25300, 25550, 108778, 1.5],
		
["20170224", 25550, 26750, 25550, 26600, 194781, 1.65],
		
["20170227", 26800, 27850, 26800, 27600, 228975, 1.59],
		
["20170228", 27600, 27800, 26600, 26800, 126945, 1.51],
		
["20170302", 26900, 26950, 26100, 26150, 90738, 1.48],
		
["20170303", 26000, 26600, 26000, 26200, 75507, 1.49],
		
["20170306", 26300, 26350, 24950, 25900, 94173, 1.48],
		
["20170307", 26100, 27650, 25900, 27650, 186554, 1.56],
		
["20170308", 27300, 27300, 25650, 25700, 284543, 1.46],
		
["20170309", 25700, 25700, 24950, 24950, 188182, 1.39],
		
["20170310", 25000, 25000, 24300, 24600, 142989, 1.26],
		
["20170313", 24650, 25100, 24600, 24750, 85480, 1.2],
		
["20170314", 25150, 25150, 24850, 24850, 75143, 1.16],
		
["20170315", 24950, 25050, 24600, 24750, 53836, 1.14],
		
["20170316", 24800, 25500, 24800, 25300, 75912, 1.14],
		
["20170317", 25350, 25450, 25150, 25350, 59172, 1.11],
		
["20170320", 25450, 25450, 25000, 25300, 34978, 1.12],
		
["20170321", 25450, 25450, 25200, 25200, 59572, 1.12],
		
["20170322", 24900, 25400, 24900, 25250, 81256, 1.14],
		
["20170323", 25250, 27200, 25250, 27050, 417373, 1.35],
		
["20170324", 27200, 27200, 26400, 26800, 306696, 1.23],
		
["20170327", 26850, 27350, 26300, 27200, 209017, 1.23],
		
["20170328", 27250, 27600, 26850, 27350, 135760, 1.21],
		
["20170329", 27400, 28200, 26800, 28100, 287488, 1.29],
		
["20170330", 28200, 28950, 27500, 27700, 268787, 1.2],
		
["20170331", 27800, 28100, 27400, 27700, 83152, 1.22],
		
["20170403", 27500, 27900, 26950, 27100, 110501, 1.21],
		
["20170404", 27200, 27650, 26800, 27500, 88603, 1.19],
		
["20170405", 27550, 28400, 27500, 27900, 195690, 1.19],
		
["20170406", 28000, 28300, 27000, 28250, 154090, 1.3],
		
["20170407", 28250, 28400, 27850, 28200, 81082, 1.3],
		
["20170410", 28050, 28200, 26700, 27350, 141790, 1.25],
		
["20170411", 27300, 27450, 26700, 27150, 58446, 1.27],
		
["20170412", 26950, 27250, 25950, 26000, 201649, 1.25],
		
["20170413", 26100, 26300, 25850, 26250, 95596, 1.27],
		
["20170414", 26050, 26200, 25850, 26150, 65417, 1.25],
		
["20170417", 26050, 26200, 25750, 25950, 79696, 1.22],
		
["20170418", 26200, 26200, 25900, 26100, 52842, 1.21],
		
["20170419", 26050, 26200, 25450, 25600, 94336, 1.21],
		
["20170420", 25650, 26150, 25600, 26100, 56554, 1.23],
		
["20170421", 26150, 26150, 25550, 25750, 111802, 1.15],
		
["20170424", 25750, 25750, 25000, 25150, 165466, 1.14],
		
["20170425", 25150, 25300, 24850, 25100, 125575, 1.15],
		
["20170426", 25100, 25850, 25050, 25750, 140947, 1.22],
		
["20170427", 25800, 25850, 25300, 25350, 79875, 1.18],
		
["20170428", 25150, 25450, 25000, 25200, 61718, 1.18],
		
["20170502", 24950, 24950, 23900, 24000, 317302, 1.14],
		
["20170504", 24000, 24200, 23650, 23750, 176277, 1.07],
		
["20170508", 23800, 23950, 23550, 23600, 217102, 0.92],
		
["20170510", 23600, 24200, 23600, 23600, 186102, 0.9],
		
["20170511", 23600, 23850, 23600, 23850, 129652, 0.95],
		
["20170512", 23700, 23850, 23550, 23650, 105839, 0.96],
		
["20170515", 23650, 24050, 23550, 23750, 79318, 0.94],
		
["20170516", 23700, 23800, 23400, 23600, 149576, 0.93],
		
["20170517", 23650, 23650, 23250, 23350, 107712, 0.91],
		
["20170518", 23100, 23350, 23050, 23100, 109922, 0.92],
		
["20170519", 23100, 23400, 23050, 23150, 89494, 0.92],
		
["20170522", 23250, 23500, 23150, 23450, 62274, 0.91],
		
["20170523", 23300, 23600, 23250, 23500, 71010, 0.9],
		
["20170524", 23450, 23650, 23400, 23450, 88388, 0.89],
		
["20170525", 23550, 23900, 23450, 23900, 128501, 0.95],
		
["20170526", 23800, 23900, 23650, 23850, 86278, 0.91],
		
["20170529", 23800, 24000, 23750, 23800, 81016, 0.91],
		
["20170530", 23850, 24050, 23600, 24000, 109528, 0.93],
		
["20170531", 23850, 23850, 23200, 23650, 250624, 0.88],
		
["20170601", 23900, 25250, 23800, 24600, 701640, 1.08],
		
["20170602", 24700, 24750, 24000, 24100, 246645, 0.96],
		
["20170605", 24100, 24100, 23700, 23900, 138868, 0.94],
		
["20170607", 23700, 23900, 23450, 23550, 153750, 0.86],
		
["20170608", 23650, 23800, 23450, 23600, 135961, 0.83],
		
["20170609", 23750, 23750, 23500, 23750, 87437, 0.85],
		
["20170612", 23600, 23650, 23350, 23450, 94800, 0.83],
		
["20170613", 23450, 23900, 23450, 23850, 60336, 0.85],
		
["20170614", 23650, 23900, 23600, 23750, 76614, 0.9],
		
["20170615", 23750, 24250, 23750, 24050, 110156, 0.97],
		
["20170616", 24200, 24200, 23700, 23850, 80662, 0.92],
		
["20170619", 23900, 24100, 21100, 21250, 921175, 1.0],
		
["20170620", 20850, 20950, 19900, 20400, 792640, 1.03],
		
["20170621", 20500, 20750, 20200, 20550, 207234, 1.02],
		
["20170622", 20350, 20500, 19950, 19950, 200801, 1.03],
		
["20170623", 19900, 20600, 19900, 20400, 118658, 1.08],
		
["20170626", 20650, 20650, 20200, 20350, 79129, 1.1],
		
["20170627", 20400, 20550, 20000, 20000, 118833, 1.08],
		
["20170628", 19500, 19600, 18600, 18650, 569777, 1.25],
		
["20170629", 18750, 19000, 18600, 18900, 168468, 1.36],
		
["20170630", 18850, 19700, 18750, 19650, 206349, 1.5],
		
["20170703", 19900, 20000, 19600, 19900, 128736, 1.49],
		
["20170704", 19850, 19950, 19650, 19900, 68662, 1.47],
		
["20170705", 19800, 20100, 19700, 19800, 82891, 1.46],
		
["20170706", 19700, 20200, 19700, 19800, 96055, 1.46],
		
["20170707", 19650, 19900, 19650, 19750, 56204, 1.47],
		
["20170710", 19850, 19850, 19300, 19550, 58892, 1.47],
		
["20170711", 19600, 20000, 19550, 19700, 58312, 1.5],
		
["20170712", 21300, 21700, 20000, 20300, 618404, 1.44],
		
["20170713", 20300, 20500, 19750, 19750, 203856, 1.3],
		
["20170714", 19800, 19850, 18600, 18750, 307731, 1.11],
		
["20170717", 18950, 19000, 18700, 18750, 97465, 1.03],
		
["20170718", 18750, 19250, 18750, 19150, 121186, 1.03],
		
["20170719", 19100, 19400, 19050, 19200, 91164, 1.03],
		
["20170720", 19250, 19400, 19050, 19150, 96325, 1.04],
		
["20170721", 19350, 19350, 19050, 19250, 57017, 1.04],
		
["20170724", 19050, 19200, 18900, 19050, 60605, 1.05],
		
["20170725", 19050, 19200, 18950, 19000, 67360, 1.08],
		
["20170726", 19100, 20250, 19050, 20100, 351535, 1.37],
		
["20170727", 20150, 20200, 19650, 19900, 111825, 1.34],
		
["20170728", 19700, 20250, 19600, 19900, 82981, 1.33],
		
["20170731", 19900, 20000, 18900, 18950, 191978, 1.21],
		
["20170801", 18850, 19350, 18800, 19250, 127912, 1.3],
		
["20170802", 19250, 19250, 18600, 18750, 167723, 1.16],
		
["20170803", 18750, 18850, 17950, 18200, 232503, 1.16],
		
["20170804", 18200, 18500, 17800, 18000, 149444, 1.11],
		
["20170807", 18400, 18700, 18200, 18500, 153408, 1.1],
		
["20170808", 18550, 18600, 18200, 18200, 70934, 1.08],
		
["20170809", 18200, 18500, 18100, 18200, 60177, 1.09],
		
["20170810", 18150, 18350, 18000, 18300, 87768, 1.08],
		
["20170811", 18000, 18200, 17800, 17850, 84308, 1.05],
		
["20170814", 17900, 17950, 17550, 17600, 75563, 1.01],
		
["20170816", 17500, 17850, 17500, 17700, 51370, 1.03],
		
["20170817", 17650, 18500, 17600, 18400, 121678, 1.06],
		
["20170818", 18200, 18500, 18100, 18100, 60070, 1.03],
		
["20170821", 18100, 18150, 17750, 17900, 49477, 1.0],
		
["20170822", 18150, 18150, 17750, 17850, 46847, 0.97],
		
["20170823", 17850, 17950, 17750, 17800, 37596, 0.98],
		
["20170824", 17850, 18050, 17800, 17800, 43070, 0.98],
		
["20170825", 17800, 18100, 17800, 17950, 62586, 0.97],
		
["20170828", 18000, 18350, 17850, 18300, 60084, 1.0],
		
["20170829", 18250, 18250, 18000, 18100, 39328, 0.99],
		
["20170830", 18250, 18250, 18100, 18100, 23819, 1.01],
		
["20170831", 18050, 18150, 17850, 18100, 59142, 1.01],
		
["20170901", 18100, 18450, 17900, 18150, 97856, 1.12],
		
["20170904", 17800, 18650, 17750, 18350, 99061, 1.25],
		
["20170905", 18300, 18700, 18300, 18350, 111295, 1.33],
		
["20170906", 18450, 18700, 18400, 18550, 77448, 1.39],
		
["20170907", 18600, 18700, 18200, 18400, 63193, 1.44],
		
["20170908", 18250, 18750, 18150, 18700, 86671, 1.48],
		
["20170911", 18600, 18900, 18350, 18450, 79121, 1.45],
		
["20170912", 18350, 18600, 18200, 18450, 49218, 1.48],
		
["20170913", 18550, 18600, 18100, 18100, 68496, 1.46],
		
["20170914", 18150, 18250, 17650, 18100, 109879, 1.41],
		
["20170915", 17800, 18250, 17800, 17900, 154907, 1.34],
		
["20170918", 17850, 18000, 17750, 17800, 71693, 1.31],
		
["20170919", 17700, 17950, 17650, 17900, 60151, 1.34],
		
["20170920", 17800, 19350, 17800, 18950, 326898, 1.47],
		
["20170921", 19200, 19300, 18600, 18650, 134556, 1.45],
		
["20170922", 18450, 18600, 17900, 17950, 109893, 1.4],
		
["20170925", 17800, 18000, 16900, 17050, 131048, 1.29],
		
["20170926", 16550, 17400, 16550, 17300, 67477, 1.3],
		
["20170927", 17400, 17750, 17050, 17650, 55386, 1.34],
		
["20170928", 17400, 18150, 17400, 17850, 53441, 1.37],
		
["20170929", 18000, 18200, 17800, 18100, 39247, 1.32],
		
["20171010", 18400, 18950, 18300, 18400, 104990, 1.27],
		
["20171011", 18650, 19900, 18500, 19800, 352000, 1.48],
		
["20171012", 19850, 19850, 19250, 19350, 152666, 1.42],
		
["20171013", 19150, 20700, 19150, 20700, 443231, 1.7],
		
["20171016", 20900, 21350, 20000, 21150, 319482, 1.81],
		
["20171017", 21100, 21900, 20600, 21650, 253899, 1.8],
		
["20171018", 21650, 21950, 21150, 21250, 133193, 1.79],
		
["20171019", 21300, 22350, 20800, 21700, 380164, 1.79],
		
["20171020", 22200, 26100, 20050, 21450, 3066911, 1.25],
		
["20171023", 21800, 21950, 19400, 19450, 822119, 1.16],
		
["20171024", 19350, 19700, 19050, 19150, 336885, 1.19],
		
["20171025", 19100, 19100, 18150, 18400, 452085, 1.24],
		
["20171026", 18250, 18650, 18200, 18250, 180333, 1.27],
		
["20171027", 18550, 19050, 18350, 18800, 231058, 1.3],
		
["20171030", 19000, 19050, 18050, 18100, 250528, 1.2],
		
["20171031", 18050, 18150, 17850, 17900, 147255, 1.24],
		
["20171101", 17850, 18100, 17700, 17900, 153636, 1.16],
		
["20171102", 17950, 17950, 17500, 17650, 192322, 1.05],
		
["20171103", 17750, 18250, 17750, 18250, 158802, 0.99],
		
["20171106", 18300, 18400, 17950, 18250, 104252, 0.97],
		
["20171107", 18150, 18400, 18000, 18000, 109218, 0.95],
		
["20171108", 18000, 18300, 17750, 18250, 77569, 0.96],
		
["20171109", 18200, 18350, 18100, 18300, 73558, 0.91],
		
["20171110", 18350, 18500, 18150, 18200, 63131, 0.92],
		
["20171113", 18100, 18150, 17800, 17850, 79673, 0.89],
		
["20171114", 17850, 18150, 17750, 18150, 71313, 0.93],
		
["20171115", 18150, 18150, 17600, 17600, 132243, 0.95],
		
["20171116", 17500, 18150, 17450, 18100, 107071, 1.0],
		
["20171117", 18050, 18100, 17800, 17800, 60196, 0.97],
		
["20171120", 17750, 17850, 17650, 17700, 43993, 0.97],
		
["20171121", 17600, 17800, 17500, 17600, 79172, 0.98],
		
["20171122", 17600, 17800, 17550, 17650, 59172, 0.97],
		
["20171123", 17700, 17750, 17500, 17650, 37749, 0.97],
		
["20171124", 17700, 18800, 17700, 18700, 291508, 1.08],
		
["20171127", 19500, 19500, 18650, 18800, 159613, 0.98],
		
["20171128", 18800, 18850, 18400, 18400, 78501, 0.96],
		
["20171129", 18500, 18950, 18350, 18450, 100095, 0.95],
		
["20171130", 18600, 18650, 18200, 18200, 78684, 0.94],
		
["20171201", 18250, 18350, 18050, 18200, 45516, 0.93],
		
["20171204", 18400, 19750, 18400, 19700, 412884, 1.11],
		
["20171205", 19950, 22850, 19600, 22650, 1107938, 1.18],
		
["20171206", 23100, 23650, 21850, 23550, 677671, 1.28],
		
["20171207", 26900, 29100, 23550, 24000, 2372735, 0.95],
		
["20171208", 23950, 24950, 22150, 22950, 774067, 1.03],
		
["20171211", 23000, 24500, 22650, 23600, 391655, 0.99],
		
["20171212", 23550, 24300, 23200, 23850, 203853, 0.98],
		
["20171213", 23850, 24900, 23850, 24650, 254837, 1.08],
		
["20171214", 24650, 25500, 24000, 24200, 336201, 1.05],
		
["20171215", 24800, 25300, 24300, 25200, 175198, 1.12],
		
["20171218", 25200, 25850, 24650, 25600, 201234, 1.16],
		
["20171219", 25550, 25800, 24700, 25300, 180084, 1.16],
		
["20171220", 25350, 25800, 24800, 25050, 174427, 1.25],
		
["20171221", 24900, 24950, 23600, 23650, 277378, 1.43],
		
["20171222", 23300, 24150, 23000, 23400, 140117, 1.54],
		
["20171226", 23450, 24750, 23300, 23850, 119634, 1.52],
		
["20171227", 23850, 24350, 23650, 23900, 93377, 1.55],
		
["20171228", 24000, 24250, 23600, 23800, 70978, 1.49],
		
["20180102", 23300, 23550, 23000, 23350, 166043, 1.63],
		
["20180103", 23250, 23750, 22100, 22500, 277264, 1.91],
		
["20180104", 22700, 22900, 22200, 22250, 134607, 2.0],
		
["20180105", 22300, 22600, 21600, 21800, 137400, 2.09],
		
["20180108", 21300, 22950, 21250, 21900, 249504, 2.17],
		
["20180109", 21700, 22950, 21700, 22900, 187798, 2.24],
		
["20180110", 23700, 24300, 22900, 23050, 283017, 2.14],
		
["20180111", 23150, 23950, 23100, 23800, 204344, 2.26],
		
["20180112", 23800, 24500, 23600, 24050, 182195, 2.32],
		
["20180115", 23900, 24000, 23400, 23600, 94507, 2.3],
		
["20180116", 23550, 23900, 23000, 23100, 80772, 2.29],
		
["20180117", 23300, 23600, 23100, 23300, 81000, 2.37],
		
["20180118", 23350, 23900, 22800, 23000, 96614, 2.33],
		
["20180119", 23000, 23500, 22800, 23350, 63104, 2.38],
		
["20180122", 23350, 23850, 23200, 23400, 107726, 2.35],
		
["20180123", 23400, 24450, 23400, 24400, 194262, 2.38],
		
["20180124", 24950, 25300, 24500, 24900, 176025, 2.3],
		
["20180125", 24900, 25350, 24450, 25200, 156798, 2.42],
		
["20180126", 25000, 25300, 24700, 24850, 103353, 2.43],
		
["20180129", 24900, 25050, 24250, 24350, 107404, 2.44],
		
["20180130", 24500, 24900, 24100, 24300, 77268, 2.47],
		
["20180131", 24500, 24500, 23600, 23900, 79098, 2.46],
		
["20180201", 23900, 24600, 23750, 24100, 63819, 2.46],
		
["20180202", 24200, 24900, 23850, 24050, 98410, 2.39],
		
["20180205", 24000, 24000, 22950, 23050, 94270, 2.37],
		
["20180206", 22500, 22550, 21650, 22350, 132081, 2.34],
		
["20180207", 22500, 22650, 21600, 21600, 100260, 2.24],
		
["20180208", 22000, 22300, 21600, 22150, 83686, 2.21],
		
["20180209", 21350, 22850, 21350, 22700, 119909, 2.16],
		
["20180212", 23300, 23300, 22700, 22850, 68612, 2.14],
		
["20180213", 22850, 23250, 22400, 22600, 53285, 2.2],
		
["20180214", 22950, 23000, 22200, 22500, 54211, 2.13],
		
["20180219", 22500, 23200, 22300, 23150, 56497, 2.16],
		
["20180220", 23900, 24650, 23700, 24000, 219524, 2.12],
		
["20180221", 24300, 25100, 23900, 24900, 195034, 2.08],
		
["20180222", 24900, 24900, 24250, 24800, 73237, 2.09],
		
["20180223", 24550, 25150, 24550, 25100, 146189, 2.15],
		
["20180226", 25400, 25400, 24550, 24800, 85721, 2.19],
		
["20180227", 24650, 24950, 24300, 24300, 63941, 2.23],
		
["20180228", 24050, 24300, 23100, 23350, 91849, 2.23],
		
["20180302", 23350, 23400, 22700, 22950, 91706, 2.26],
		
["20180305", 22800, 23200, 22400, 22500, 77055, 2.26],
		
["20180306", 22700, 23000, 22550, 22700, 45772, 2.26],
		
["20180307", 22800, 23000, 22300, 22400, 79392, 2.28],
		
["20180308", 22400, 23550, 22400, 23500, 89883, 2.3],
		
["20180309", 23800, 25300, 23650, 25150, 280417, 2.58],
		
["20180312", 25400, 25550, 24650, 24700, 166308, 2.62],
		
["20180313", 24500, 25000, 24100, 24800, 111614, 2.63],
		
["20180314", 24500, 25150, 24200, 24600, 97702, 2.57],
		
["20180315", 24650, 27450, 24250, 27000, 841755, 2.76],
		
["20180316", 27300, 27900, 27000, 27850, 383152, 2.76],
		
["20180319", 27950, 30500, 27950, 29050, 795207, 2.75],
		
["20180320", 29050, 30000, 27850, 29800, 318166, 2.73],
		
["20180321", 29700, 30500, 29000, 29300, 170016, 2.76],
		
["20180322", 29300, 30200, 28750, 29050, 144358, 2.79],
		
["20180323", 28300, 29450, 27850, 28450, 234560, 2.82],
		
["20180326", 29400, 29400, 27500, 28050, 206375, 2.86],
		
["20180327", 29250, 29500, 28350, 29450, 230669, 2.91],
		
["20180328", 29400, 29600, 28150, 28600, 191782, 2.83],
		
["20180329", 28150, 31600, 28150, 30650, 624726, 2.99],
		
["20180330", 30800, 31400, 30100, 31250, 290848, 2.93],
		
["20180402", 31250, 31450, 29050, 29300, 262646, 2.82],
		
["20180403", 29300, 30800, 28700, 30200, 238705, 2.86],
		
["20180404", 30200, 30200, 28050, 28750, 245940, 2.82],
		
["20180405", 28850, 29450, 28350, 28450, 120002, 2.79],
		
["20180406", 28300, 28450, 27100, 28400, 113533, 2.87],
		
["20180409", 28450, 29000, 27550, 27950, 164143, 2.9],
		
["20180410", 27900, 28500, 27400, 28300, 84759, 2.91],
		
["20180411", 28300, 28600, 27650, 27700, 84684, 2.9],
		
["20180412", 27700, 27900, 27000, 27100, 120535, 2.96],
		
["20180413", 27100, 28950, 27100, 28450, 170823, 2.89],
		
["20180416", 29200, 31850, 29000, 31850, 563659, 2.93],
		
["20180417", 32050, 32650, 31400, 32300, 303210, 2.92],
		
["20180418", 32050, 32600, 31000, 31750, 157452, 2.88],
		
["20180419", 31750, 34850, 31450, 33700, 473901, 2.94],
		
["20180420", 34200, 36450, 33450, 35750, 531110, 2.91],
		
["20180423", 36550, 39850, 36050, 36800, 879682, 2.78],
		
["20180424", 36500, 36500, 34150, 34750, 397006, 2.88],
		
["20180425", 33900, 36850, 33900, 35000, 331664, 2.85],
		
["20180426", 34900, 35850, 34150, 34500, 176809, 2.83],
		
["20180427", 34500, 35550, 33850, 35250, 253097, 2.9],
		
["20180430", 35500, 38750, 35450, 36850, 704426, 2.88],
		
["20180502", 39050, 40950, 36500, 37350, 827608, 2.44],
		
["20180503", 37800, 38400, 34600, 35000, 495269, 2.25],
		
["20180504", 35000, 35950, 34800, 35350, 198629, 2.24],
		
["20180508", 35600, 38300, 35600, 36550, 472842, 2.25],
		
["20180509", 36850, 37000, 34400, 34850, 288637, 2.28],
		
["20180510", 34800, 35450, 34050, 35450, 195351, 2.33],
		
["20180511", 35950, 36100, 34350, 35600, 125024, 2.31],
		
["20180514", 36650, 38800, 35800, 38800, 400530, 2.42],
		
["20180515", 40300, 41100, 38150, 38800, 607012, 2.31],
		
["20180516", 37300, 38600, 36500, 37550, 340491, 2.31],
		
["20180517", 36950, 37850, 36050, 36100, 264978, 2.28],
		
["20180518", 36000, 36200, 34550, 35700, 280440, 2.29],
		
["20180521", 35950, 36000, 33700, 34650, 271648, 2.25],
		
["20180523", 33850, 34950, 32750, 33900, 208424, 2.22],
		
["20180524", 34800, 34800, 33250, 33350, 116404, 2.22],
		
["20180525", 31100, 34100, 31000, 32750, 287920, 2.28],
		
["20180528", 34600, 35350, 33700, 34200, 354785, 2.22],
		
["20180529", 34250, 34300, 30900, 31200, 508899, 2.31],
		
["20180530", 30700, 31550, 29500, 30800, 384642, 2.48],
		
["20180531", 30300, 31250, 30300, 31200, 199820, 2.53],
		
["20180601", 31350, 32200, 30700, 31050, 146053, 2.54],
		
["20180604", 31200, 31700, 30500, 30700, 98911, 2.59],
		
["20180605", 31000, 31000, 29650, 30300, 193714, 2.6],
		
["20180607", 30300, 30650, 29950, 30250, 99306, 2.55],
		
["20180608", 30500, 30550, 29650, 29700, 116329, 2.55],
		
["20180611", 29800, 31450, 29750, 31400, 183872, 2.49],
		
["20180612", 31700, 32200, 29800, 31100, 282205, 2.31],
		
["20180614", 30500, 30600, 28350, 28400, 304241, 2.29],
		
["20180615", 28400, 29350, 28400, 28750, 106852, 2.34],
		
["20180618", 28550, 28600, 26150, 27700, 273346, 2.6],
		
["20180619", 27300, 27650, 25800, 25900, 178241, 2.78],
		
["20180620", 25200, 27350, 25200, 26850, 185098, 2.89],
		
["20180621", 26850, 27350, 26050, 26150, 62256, 2.89],
		
["20180622", 25900, 27500, 25800, 26850, 94454, 2.88],
		
["20180625", 26850, 27700, 26500, 27500, 65997, 2.9],
		
["20180626", 27650, 30100, 27650, 28250, 371323, 2.69],
		
["20180627", 28350, 28350, 26500, 26550, 132787, 2.59],
		
["20180628", 26000, 27250, 26000, 26650, 74003, 2.63],
		
["20180629", 26700, 26950, 25600, 26500, 87189, 2.62],
		
["20180702", 26800, 26800, 22500, 22500, 801439, 2.59],
		
["20180703", 22800, 23000, 21200, 22350, 406509, 2.9],
		
["20180704", 22100, 22550, 21950, 22450, 120603, 2.95],
		
["20180705", 22250, 22750, 21350, 21700, 157481, 3.1],
		
["20180706", 21550, 23100, 21550, 23050, 148103, 3.25],
		
["20180709", 22700, 22750, 21850, 22200, 142685, 3.2],
		
["20180710", 22250, 22650, 22250, 22450, 62439, 3.24],
		
["20180711", 22400, 22650, 22000, 22350, 70146, 3.25],
		
["20180712", 22300, 22850, 22050, 22150, 92323, 3.29],
		
["20180713", 22250, 22900, 22200, 22750, 77947, 3.34],
		
["20180716", 23150, 23350, 22700, 22900, 82799, 3.3],
		
["20180717", 22850, 23250, 22600, 22850, 53335, 3.26],
		
["20180718", 22900, 22900, 21950, 22100, 86130, 3.22],
		
["20180719", 22100, 22250, 21550, 21700, 79481, 3.33],
		
["20180720", 21800, 22300, 21650, 22150, 77751, 3.42],
		
["20180723", 22800, 24800, 22350, 22400, 397517, 3.17],
		
["20180724", 22650, 23800, 22150, 23650, 191795, 3.29],
		
["20180725", 23950, 24000, 22700, 22800, 143084, 3.27],
		
["20180726", 22850, 23450, 22800, 23000, 83911, 3.29],
		
["20180727", 22150, 22450, 21700, 22000, 230723, 3.15],
		
["20180730", 21950, 22350, 21750, 22100, 113594, 3.28],
		
["20180731", 21900, 22050, 21100, 21300, 229013, 3.14],
		
["20180801", 20750, 20800, 19600, 20400, 434655, 3.26],
		
["20180802", 20500, 20950, 20250, 20400, 132395, 3.28],
		
["20180803", 20500, 20750, 20350, 20750, 68797, 3.33],
		
["20180806", 20600, 20600, 20050, 20250, 110406, 3.4],
		
["20180807", 20250, 20500, 19950, 20450, 81207, 3.45],
		
["20180808", 20500, 20800, 20300, 20400, 70766, 3.46],
		
["20180809", 20400, 20700, 20300, 20400, 77284, 3.48],
		
["20180810", 20300, 21300, 20300, 21050, 155374, 3.49],
		
["20180813", 20850, 21550, 20550, 20650, 112537, 3.48],
		
["20180814", 20650, 21100, 20400, 20450, 99692, 3.49],
		
["20180816", 20350, 20900, 20150, 20450, 119509, 3.6],
		
["20180817", 20550, 21450, 20550, 21150, 173978, 3.63],
		
["20180820", 21450, 21600, 20900, 21300, 78194, 3.62],
		
["20180821", 21300, 21450, 20950, 21350, 46575, 3.6],
		
["20180822", 21250, 21300, 20800, 21000, 68390, 3.58],
		
["20180823", 21100, 21900, 21050, 21850, 168809, 3.65],
		
["20180824", 21950, 22200, 21550, 21800, 112431, 3.54],
		
["20180827", 21550, 21700, 21050, 21100, 77568, 3.49],
		
["20180828", 21100, 21650, 20900, 21400, 67655, 3.5],
		
["20180829", 21450, 21600, 21150, 21300, 46829, 3.41],
		
["20180830", 21300, 21450, 21050, 21050, 63754, 3.4],
		
["20180831", 21100, 21250, 20800, 20900, 65585, 3.38],
		
["20180903", 20850, 21200, 20800, 20900, 51429, 3.4],
		
["20180904", 20900, 21000, 20400, 20550, 101548, 3.38],
		
["20180905", 20850, 21050, 20500, 20650, 73544, 3.39],
		
["20180906", 20700, 21000, 20400, 20450, 66244, 3.38],
		
["20180907", 20250, 20950, 20250, 20650, 62803, 3.35],
		
["20180910", 20400, 20900, 20400, 20850, 54534, 3.37],
		
["20180911", 20900, 21100, 20700, 21000, 55751, 3.37],
		
["20180912", 20750, 20950, 20450, 20750, 91777, 3.29],
		
["20180913", 20550, 20850, 20550, 20650, 55912, 3.3],
		
["20180914", 21000, 21150, 20550, 21100, 65350, 3.3],
		
["20180917", 21100, 21100, 20700, 20800, 38823, 3.3],
		
["20180918", 20700, 20750, 20200, 20300, 131971, 3.16],
		
["20180919", 20000, 20300, 19850, 19900, 115442, 3.15],
		
["20180920", 19950, 20200, 19900, 20050, 53093, 3.13],
		
["20180921", 20300, 20800, 20100, 20600, 89985, 3.23],
		
["20180927", 20600, 21250, 20400, 21150, 111033, 3.33],
		
["20180928", 21150, 21350, 20850, 21000, 75113, 3.33],
		
["20181001", 21000, 22000, 21000, 21850, 149867, 3.39],
		
["20181002", 22000, 22200, 21600, 22000, 133155, 3.37],
		
["20181004", 22000, 22000, 21150, 21300, 109921, 3.33],
		
["20181005", 21150, 21600, 21000, 21100, 61420, 3.33],
		
["20181008", 21100, 21300, 20650, 21000, 61825, 3.35],
		
["20181010", 20800, 21350, 20150, 20150, 76514, 3.33],
		
["20181011", 19600, 19750, 18550, 18550, 161920, 3.28],
		
["20181012", 18550, 18950, 18000, 18500, 114653, 3.25],
		
["20181015", 18400, 19750, 18350, 19500, 115089, 3.34],
		
["20181016", 19700, 19900, 19050, 19300, 65222, 3.3],
		
["20181017", 19500, 20150, 19500, 20000, 64429, 3.35],
		
["20181018", 19800, 20450, 19800, 20350, 58080, 3.35],
		
["20181019", 20250, 20900, 19700, 20550, 74090, 3.33],
		
["20181022", 20500, 20800, 20100, 20600, 41961, 3.32],
		
["20181023", 20250, 20700, 18950, 19150, 118985, 3.29],
		
["20181024", 19550, 19750, 19150, 19500, 70641, 3.26],
		
["20181025", 18800, 19600, 18600, 19500, 72993, 3.18],
		
["20181026", 19550, 20050, 18900, 19050, 76001, 3.16],
		
["20181029", 18600, 19400, 18350, 18350, 72388, 3.15],
		
["20181030", 17750, 18700, 17750, 18400, 92207, 3.14],
		
["20181031", 18250, 18900, 18000, 18350, 83657, 3.16],
		
["20181101", 18400, 19000, 18400, 18400, 40355, 3.17],
		
["20181102", 18500, 19150, 18500, 19050, 45287, 3.21],
		
["20181105", 18800, 19400, 18800, 19400, 43939, 3.23],
		
["20181106", 19350, 19700, 19050, 19250, 32795, 3.23],
		
["20181107", 19600, 20750, 19250, 19400, 207983, 3.18],
		
["20181108", 19600, 20300, 19600, 19750, 80390, 3.24],
		
["20181109", 19600, 20150, 19300, 19300, 47996, 3.24],
		
["20181112", 19000, 19950, 18950, 19350, 37562, 3.21],
		
["20181113", 19000, 19550, 18800, 19400, 33556, 3.2],
		
["20181114", 19700, 19850, 19050, 19050, 43074, 3.21],
		
["20181115", 18900, 20000, 18900, 19950, 68086, 3.29],
		
["20181116", 20000, 20750, 19650, 20350, 70274, 3.32],
		
["20181119", 20200, 20650, 20000, 20450, 37917, 3.32],
		
["20181120", 20150, 20650, 20150, 20400, 43675, 3.33],
		
["20181121", 20150, 21550, 20100, 21250, 96653, 3.35],
		
["20181122", 21600, 21600, 20500, 20850, 84722, 3.29],
		
["20181123", 20800, 21250, 20500, 20850, 47112, 3.22],
		
["20181126", 21400, 22500, 21300, 22250, 257018, 3.26],
		
["20181127", 22650, 22650, 21750, 22050, 103143, 3.2],
		
["20181128", 22600, 22600, 21500, 21700, 112785, 3.13],
		
["20181129", 21550, 21850, 20850, 21050, 116126, 3.15],
		
["20181130", 21050, 21250, 20550, 20750, 61894, 3.2],
		
["20181203", 20600, 21400, 20600, 21100, 76837, 3.23],
		
["20181204", 21250, 21850, 21150, 21500, 112739, 3.22],
		
["20181205", 21100, 21450, 20800, 20850, 67013, 3.16],
		
["20181206", 20800, 20900, 19950, 20450, 93734, 3.2],
		
["20181207", 20600, 20750, 19950, 20250, 48061, 3.18],
		
["20181210", 20000, 20350, 19800, 20250, 46118, 3.13],
		
["20181211", 20100, 20300, 19700, 19950, 53154, 3.12],
		
["20181212", 19800, 20150, 19750, 20050, 30999, 3.13],
		
["20181213", 20400, 21000, 20050, 21000, 110640, 3.16],
		
["20181214", 21050, 21150, 20550, 20700, 45779, 3.14],
		
["20181217", 20500, 21300, 20500, 21050, 58096, 3.13],
		
["20181218", 20950, 21650, 20750, 21450, 85096, 3.15],
		
["20181219", 21600, 22350, 21400, 22300, 151806, 3.17],
		
["20181220", 22100, 22300, 21850, 22200, 65783, 3.18],
		
["20181221", 22200, 22250, 21100, 21100, 77561, 3.17],
		
["20181224", 21100, 21650, 21050, 21300, 33385, 3.18],
		
["20181226", 21050, 21300, 20200, 20450, 65887, 3.14],
		
["20181227", 20450, 21000, 20050, 20500, 61079, 3.17],
		
["20181228", 20450, 21200, 20400, 20900, 36633, 3.15],
		
["20190102", 20850, 21100, 20650, 20750, 53344, 3.16],
		
["20190103", 20650, 21550, 20650, 20650, 74269, 3.18],
		
["20190104", 20600, 21050, 20550, 20700, 57646, 3.18],
		
["20190107", 20700, 21600, 20650, 20850, 97056, 3.14],
		
["20190108", 20800, 21450, 20800, 21050, 68898, 3.19],
		
["20190109", 21100, 21400, 20950, 20950, 42760, 3.19],
		
["20190110", 20950, 21150, 20650, 20700, 41311, 3.17],
		
["20190111", 20700, 20950, 20650, 20800, 49022, 3.19],
		
["20190114", 21100, 23550, 21100, 23500, 534257, 3.37],
		
["20190115", 23550, 24150, 23100, 23450, 280991, 3.4],
		
["20190116", 23500, 24350, 23200, 23250, 180906, 3.33],
		
["20190117", 23250, 23600, 22750, 22850, 105203, 3.31],
		
["20190118", 22650, 22950, 22350, 22850, 97307, 3.3],
		
["20190121", 22850, 23250, 22350, 22950, 68925, 3.29],
		
["20190122", 22950, 24350, 22650, 23800, 217732, 3.32],
		
["20190123", 23800, 24250, 23700, 23900, 103432, 3.29],
		
["20190124", 24000, 24500, 23450, 24250, 113410, 3.26],
		
["20190125", 23950, 24750, 23950, 24700, 105889, 3.22],
		
["20190128", 24600, 24600, 23500, 23650, 167498, 3.18],
		
["20190129", 23650, 24350, 23650, 23850, 96565, 3.21],
		
["20190130", 24000, 25500, 23900, 25350, 193891, 3.25],
		
["20190131", 25500, 26500, 24750, 26150, 198094, 3.25],
		
["20190201", 25800, 26400, 25550, 26050, 72916, 3.2],
		
["20190207", 26150, 27600, 26050, 26800, 182036, 3.21],
		
["20190208", 26600, 27100, 26100, 26450, 86371, 3.19],
		
["20190211", 26450, 26600, 25700, 25800, 75952, 3.2],
		
["20190212", 25450, 26300, 25450, 25700, 67313, 3.2],
		
["20190213", 26000, 26100, 24750, 25050, 163448, 3.21],
		
["20190214", 25050, 25550, 24750, 25550, 128647, 3.21],
		
["20190215", 25450, 26350, 25300, 26050, 102266, 3.19],
		
["20190218", 26050, 26800, 25850, 26400, 72758, 3.2],
		
["20190219", 26250, 26450, 25300, 26300, 59598, 3.21],
		
["20190220", 26500, 26650, 26050, 26450, 55286, 3.22],
		
["20190221", 26450, 27000, 26050, 26650, 90814, 3.22],
		
["20190222", 26600, 28350, 26400, 28100, 206895, 3.33],
		
["20190225", 28200, 28500, 27050, 27150, 138741, 3.2],
		
["20190226", 27100, 27450, 26400, 26800, 94279, 3.31],
		
["20190227", 27050, 27900, 26850, 27700, 123227, 3.33],
		
["20190228", 27850, 27950, 26250, 26400, 149469, 3.3],
		
["20190304", 25500, 27900, 25500, 27700, 157081, 3.37],
		
["20190305", 27300, 29300, 27300, 29050, 261328, 3.43],
		
["20190306", 29200, 29550, 28650, 29000, 117628, 3.46],
		
["20190307", 29000, 29100, 28200, 28450, 103844, 3.41],
		
["20190308", 28100, 28600, 27450, 27650, 92401, 3.43],
		
["20190311", 27600, 27700, 26750, 27050, 102283, 3.42],
		
["20190312", 27150, 27800, 26800, 27300, 62718, 3.47],
		
["20190313", 27650, 27650, 26050, 26300, 123433, 3.52],
		
["20190314", 26450, 27000, 25800, 26500, 170230, 3.65],
		
["20190315", 26600, 27050, 26200, 26450, 89375, 3.67],
		
["20190318", 26700, 26950, 25250, 25650, 161723, 3.66],
		
["20190319", 25900, 26150, 25450, 25650, 59332, 3.66],
		
["20190320", 25700, 26250, 25050, 25300, 80861, 3.66],
		
["20190321", 25200, 25750, 24800, 25450, 74646, 3.65],
		
["20190322", 25500, 25650, 24600, 24900, 101053, 3.64],
		
["20190325", 24500, 25050, 24150, 24200, 87538, 3.71],
		
["20190326", 24350, 24850, 24300, 24500, 44313, 3.75],
		
["20190327", 24500, 24850, 23800, 24100, 77863, 3.75],
		
["20190328", 24000, 24000, 23400, 23750, 44397, 3.78],
		
["20190329", 23700, 24200, 23450, 23700, 55343, 3.81],
		
["20190401", 23700, 24200, 23550, 24150, 78131, 3.82],
		
["20190402", 24200, 24350, 23850, 24250, 57805, 3.78],
		
["20190403", 24250, 24350, 23800, 24350, 68850, 3.77],
		
["20190404", 24350, 25200, 24250, 25000, 111819, 3.79],
		
["20190405", 25000, 25150, 24400, 24400, 63988, 3.75],
		
["20190408", 24100, 24750, 24100, 24500, 55415, 3.78],
		
["20190409", 24250, 24600, 24150, 24200, 40394, 3.78],
		
["20190410", 24150, 24550, 24100, 24450, 58945, 3.81],
		
["20190411", 24450, 24650, 24150, 24500, 48733, 3.79],
		
["20190412", 24600, 24600, 24050, 24100, 57858, 3.82],
		
["20190415", 24050, 24450, 23350, 23750, 122917, 3.85],
		
["20190416", 23650, 24000, 23500, 23550, 54661, 3.89],
		
["20190417", 24200, 24750, 23750, 23950, 117487, 3.88],
		
["20190418", 24150, 24750, 23800, 23950, 94973, 3.91],
		
["20190419", 24050, 24250, 23350, 23350, 90940, 3.85],
		
["20190422", 23250, 23300, 22800, 22900, 85026, 3.83],
		
["20190423", 22800, 23400, 22800, 23150, 57685, 3.87],
		
["20190424", 23050, 23150, 22350, 22400, 72038, 3.83],
		
["20190425", 22400, 22550, 21700, 21900, 121298, 3.87],
		
["20190426", 21850, 22250, 21850, 21900, 52829, 3.88],
		
["20190429", 21650, 23550, 21600, 23150, 171854, 3.81],
		
["20190430", 23200, 23300, 22700, 22800, 74962, 3.78],
		
["20190502", 23450, 23950, 23250, 23500, 114498, 3.82],
		
["20190503", 23600, 23650, 23050, 23150, 52530, 3.74],
		
["20190507", 22750, 23000, 22500, 22850, 45698, 3.74],
		
["20190508", 22300, 23650, 22300, 23300, 65509, 3.74],
		
["20190509", 23400, 23800, 22900, 23100, 118406, 3.66],
		
["20190510", 23350, 23550, 22800, 23050, 51388, 3.61],
		
["20190513", 22700, 23050, 22200, 22350, 61869, 3.62],
		
["20190514", 22350, 22600, 21700, 22200, 57978, 3.61],
		
["20190515", 22300, 22300, 21600, 21600, 110397, 3.71],
		
["20190516", 21900, 22000, 21550, 21750, 61451, 3.71],
		
["20190517", 21950, 22300, 21600, 21700, 37221, 3.69],
		
["20190520", 21650, 21900, 21250, 21250, 46763, 3.71],
		
["20190521", 20900, 21450, 20900, 21300, 50030, 3.73],
		
["20190522", 21300, 21400, 20950, 21300, 44093, 3.78],
		
["20190523", 21400, 21450, 20900, 21050, 43382, 3.78],
		
["20190524", 20900, 21300, 20750, 20900, 41152, 3.8],
		
["20190527", 20600, 21200, 20600, 21000, 41524, 3.83],
		
["20190528", 20800, 21400, 20800, 21050, 62290, 3.85],
		
["20190529", 21200, 21200, 20250, 20400, 88517, 3.78],
		
["20190530", 20300, 20600, 20250, 20450, 52406, 3.82],
		
["20190531", 20500, 21850, 20400, 21400, 131195, 3.84],
		
["20190603", 21200, 21600, 21000, 21100, 58853, 3.86],
		
["20190604", 21250, 21550, 21150, 21300, 40964, 3.89],
		
["20190605", 21300, 21450, 20750, 20950, 61846, 3.91],
		
["20190607", 21000, 21450, 20800, 21150, 39209, 3.9],
		
["20190610", 21200, 21550, 21150, 21350, 59018, 3.9],
		
["20190611", 21450, 21600, 21200, 21550, 37195, 3.91],
		
["20190612", 21650, 22050, 21500, 21850, 69780, 3.96],
		
["20190613", 21700, 22250, 21600, 22250, 55074, 3.94],
		
["20190614", 22300, 23150, 22000, 22950, 112856, 3.91],
		
["20190617", 23150, 23150, 22550, 22700, 40190, 3.91],
		
["20190618", 22300, 22900, 22300, 22750, 32763, 3.92],
		
["20190619", 22550, 22900, 22550, 22750, 31109, 3.93],
		
["20190620", 22700, 23000, 22600, 22850, 24084, 3.93],
		
["20190621", 22800, 23050, 22200, 22350, 29610, 3.94],
		
["20190624", 22600, 22850, 22200, 22850, 41585, 3.91],
		
["20190625", 22800, 22900, 20750, 21000, 183168, 3.84],
		
["20190626", 20950, 21300, 20750, 20900, 78319, 3.85],
		
["20190627", 20850, 21000, 20500, 20650, 93022, 3.81],
		
["20190628", 21000, 21000, 20150, 20250, 100581, 3.8],
		
["20190701", 20300, 20700, 20250, 20500, 38250, 3.79],
		
["20190702", 20300, 20500, 20300, 20400, 34824, 3.8],
		
["20190703", 20450, 20800, 20350, 20500, 54348, 3.81],
		
["20190704", 20700, 20700, 20100, 20200, 51573, 3.81],
		
["20190705", 20050, 20600, 19900, 20450, 53064, 3.82],
		
["20190708", 20450, 20500, 19700, 19800, 90450, 3.83],
		
["20190709", 19750, 19950, 19050, 19100, 97034, 3.85],
		
["20190710", 18850, 19600, 18850, 19300, 56029, 3.88],
		
["20190711", 19200, 19600, 19200, 19450, 38976, 3.89],
		
["20190712", 19350, 19550, 19200, 19450, 42581, 3.91],
		
["20190715", 19450, 19600, 19100, 19100, 40686, 3.88],
		
["20190716", 19150, 19200, 18850, 18900, 46715, 3.9],
		
["20190717", 19000, 19000, 18500, 18550, 73138, 3.93],
		
["20190718", 18500, 19200, 18500, 18850, 40884, 3.94],
		
["20190719", 18900, 19900, 18900, 19700, 72699, 3.89],
		
["20190722", 19550, 19800, 19400, 19600, 35848, 3.91],
		
["20190723", 19550, 20150, 19500, 19900, 43907, 3.9],
		
["20190724", 19750, 20000, 19400, 19500, 29611, 3.88],
		
["20190725", 19650, 19800, 18900, 19350, 54415, 3.9],
		
["20190726", 19100, 19650, 19000, 19000, 48775, 3.88],
		
["20190729", 18750, 18800, 18250, 18400, 77125, 3.85],
		
["20190730", 18300, 18800, 18300, 18600, 27238, 3.86],
		
["20190731", 18400, 19100, 18400, 18850, 44463, 3.89],
		
["20190801", 18800, 18950, 18500, 18650, 30496, 3.9],
		
["20190802", 18400, 18800, 18050, 18350, 52484, 3.9],
		
["20190805", 18350, 18550, 17350, 17400, 90671, 3.88],
		
["20190806", 17000, 18050, 16800, 17450, 78528, 3.92],
		
["20190807", 17150, 18000, 17150, 17250, 77606, 3.97],
		
["20190808", 17350, 17700, 17200, 17650, 45711, 3.98],
		
["20190809", 17750, 18000, 17550, 17700, 46346, 3.97],
		
["20190812", 17550, 17900, 17400, 17700, 20916, 3.97],
		
["20190813", 17600, 17900, 17450, 17850, 26020, 3.96],
		
["20190814", 17800, 18200, 17650, 18000, 38376, 3.95],
		
["20190816", 17800, 17800, 17550, 17700, 21346, 3.93],
		
["20190819", 17700, 18000, 17500, 17850, 37335, 3.97],
		
["20190820", 17850, 18300, 17850, 18050, 42211, 3.99],
		
["20190821", 18050, 18150, 17850, 18150, 26300, 3.98],
		
["20190822", 18050, 18400, 17850, 17850, 29584, 3.95],
		
["20190823", 17800, 17850, 17600, 17650, 27682, 3.96],
		
["20190826", 17450, 17800, 17400, 17500, 29652, 3.97],
		
["20190827", 17800, 17850, 17350, 17400, 50849, 3.91],
		
["20190828", 17350, 17850, 17300, 17600, 47967, 3.93],
		
["20190829", 17600, 18000, 17500, 17800, 43813, 3.93],
		
["20190830", 17900, 18100, 17800, 17800, 32947, 3.93],
		
["20190902", 17700, 18150, 17700, 18050, 27427, 3.94],
		
["20190903", 18050, 18200, 17800, 17950, 42962, 3.95],
		
["20190904", 17800, 18300, 17800, 18300, 32666, 3.91],
		
["20190905", 18150, 18350, 18100, 18150, 32867, 3.91],
		
["20190906", 18200, 18450, 17950, 18000, 26882, 3.9],
		
["20190909", 17900, 18200, 17900, 18000, 19536, 3.91],
		
["20190910", 18050, 18450, 18050, 18350, 33128, 3.92],
		
["20190911", 18500, 18650, 18250, 18550, 64061, 3.91],
		
["20190916", 18900, 19100, 18650, 18850, 49249, 3.94],
		
["20190917", 22400, 23050, 20150, 20400, 900784, 3.59],
		
["20190918", 20050, 23900, 19800, 22750, 759696, 3.65],
		
["20190919", 22750, 23450, 22050, 22400, 330394, 3.65],
		
["20190920", 22150, 22550, 22000, 22550, 137692, 3.71],
		
["20190923", 22350, 24800, 22150, 24450, 566630, 3.67],
		
["20190924", 24450, 25350, 23800, 24450, 307121, 3.56],
		
["20190925", 24400, 24400, 22850, 22900, 255292, 3.76],
		
["20190926", 22900, 23550, 21950, 22850, 220993, 3.83],
		
["20190927", 22400, 22700, 22100, 22250, 93727, 3.76],
		
["20190930", 21850, 22400, 21550, 22100, 97788, 3.84],
		
["20191001", 22100, 22400, 21600, 22350, 94948, 3.83],
		
["20191002", 22300, 22300, 21200, 21450, 139961, 3.85],
		
["20191004", 21300, 22050, 21200, 21850, 94142, 3.86],
		
["20191007", 21950, 22200, 21500, 21750, 68230, 3.86],
		
["20191008", 21750, 22050, 21300, 21500, 80154, 3.84],
		
["20191010", 21350, 21650, 20750, 20950, 100551, 3.86],
		
["20191011", 20950, 21600, 20750, 20750, 84418, 3.89],
		
["20191014", 21000, 21350, 20950, 21250, 47654, 3.9],
		
["20191015", 21350, 21900, 21150, 21700, 73548, 3.86],
		
["20191016", 21650, 22300, 21650, 21750, 61394, 3.82],
		
["20191017", 21800, 21950, 21500, 21550, 39324, 3.8],
		
["20191018", 21550, 22000, 21300, 21450, 35188, 3.79],
		
["20191021", 21400, 21750, 21150, 21250, 33013, 3.78],
		
["20191022", 21150, 21600, 21150, 21350, 37877, 3.81],
		
["20191023", 21350, 21600, 20750, 20950, 62760, 3.84],
		
["20191024", 20800, 20950, 20250, 20600, 80641, 3.86],
		
["20191025", 20900, 21050, 20500, 21000, 41598, 3.86],
		
["20191028", 21150, 21300, 20700, 20750, 33212, 3.87],
		
["20191029", 20750, 21000, 20700, 20750, 28330, 3.88],
		
["20191030", 20800, 20900, 20400, 20500, 31089, 3.87],
		
["20191031", 20650, 20800, 20250, 20550, 66275, 3.86],
		
["20191101", 20650, 20650, 19950, 20100, 68306, 3.84],
		
["20191104", 20200, 21000, 20000, 20900, 64191, 3.89],
		
["20191105", 20700, 21350, 20600, 21050, 47403, 3.88],
		
["20191106", 21000, 21350, 20800, 21150, 45492, 3.88],
		
["20191107", 21250, 21400, 20150, 20400, 127406, 3.89],
		
["20191108", 20600, 20650, 20250, 20400, 38198, 3.87],
		
["20191111", 20400, 20600, 20000, 20250, 58356, 3.81],
		
["20191112", 20250, 20400, 19950, 20250, 46749, 3.81],
		
["20191113", 20300, 20300, 19950, 20050, 41310, 3.78],
		
["20191114", 20050, 20150, 19500, 19750, 111115, 3.71],
		
["20191115", 19600, 20350, 19500, 20200, 102358, 3.74],
		
["20191118", 20100, 20250, 20000, 20150, 38766, 3.73],
		
["20191119", 20050, 20250, 19800, 20000, 57922, 3.7],
		
["20191120", 20000, 20050, 19300, 19450, 120081, 3.63],
		
["20191121", 19450, 19750, 19150, 19600, 82781, 3.6],
		
["20191122", 19450, 19800, 19350, 19450, 35265, 3.59],
		
["20191125", 19600, 19800, 19350, 19400, 48236, 3.66],
		
["20191126", 19400, 19550, 19350, 19450, 29594, 3.66],
		
["20191127", 19650, 19700, 19350, 19450, 26542, 3.67],
		
["20191128", 19400, 19500, 19100, 19150, 59039, 3.64],
		
["20191129", 19200, 19300, 18650, 18900, 75974, 3.65],
		
["20191202", 19150, 19150, 18650, 18750, 44281, 3.62],
		
["20191203", 18750, 18900, 18400, 18800, 37430, 3.61],
		
["20191204", 18700, 18800, 18500, 18600, 37603, 3.57],
		
["20191205", 18650, 18750, 18250, 18300, 35767, 3.62],
		
["20191206", 18200, 18800, 18200, 18650, 27693, 3.61],
		
["20191209", 19050, 19150, 18500, 18550, 88657, 3.59],
		
["20191210", 18450, 19000, 18450, 19000, 53604, 3.56],
		
["20191211", 19100, 19200, 18900, 19050, 32840, 3.55],
		
["20191212", 19200, 19650, 19000, 19500, 88115, 3.52],
		
["20191213", 19750, 19750, 19350, 19600, 40937, 3.52],
		
["20191216", 19600, 19700, 19050, 19250, 70392, 3.41],
		
["20191217", 19100, 19200, 18850, 18900, 67773, 3.34],
		
["20191218", 18850, 19400, 18850, 19250, 53173, 3.36],
		
["20191219", 19900, 21950, 19800, 20950, 622611, 3.15],
		
["20191220", 20850, 20900, 20200, 20450, 136735, 3.13],
		
["20191223", 20500, 20600, 20000, 20300, 84194, 2.97],
		
["20191224", 20800, 20850, 20250, 20450, 87746, 2.91],
		
["20191226", 20200, 20400, 20050, 20250, 54688, 2.92],
		
["20191227", 20600, 20600, 19900, 20250, 72806, 2.91],
		
["20191230", 20500, 20600, 20000, 20050, 58321, 2.92],
		
["20200102", 20050, 20200, 19950, 20000, 62073, 2.96],
		
["20200103", 20000, 20200, 19900, 20050, 66582, 3.01],
		
["20200106", 19900, 20000, 19150, 19250, 97103, 3.06],
		
["20200107", 19400, 19550, 19200, 19250, 63820, 3.08],
		
["20200108", 19200, 19200, 18400, 18600, 133711, 3.04],
		
["20200109", 18900, 19150, 18800, 19050, 79254, 3.03],
		
["20200110", 19000, 19300, 18750, 19150, 41314, 3.01],
		
["20200113", 19100, 19400, 18800, 19250, 46134, 3.01],
		
["20200114", 19250, 19400, 19000, 19150, 49867, 3.07],
		
["20200115", 19100, 19750, 19100, 19700, 61305, 3.07],
		
["20200116", 19900, 20400, 19750, 20000, 131142, 3.01],
		
["20200117", 20050, 20150, 19650, 19700, 51452, 2.98],
		
["20200120", 19750, 20000, 19150, 19500, 106251, 2.98],
		
["20200121", 19500, 19600, 19000, 19100, 76792, 2.99],
		
["20200122", 19200, 20350, 18950, 20250, 237922, 3.0],
		
["20200123", 20050, 21400, 20000, 21150, 230562, 3.06],
		
["20200128", 20600, 21500, 20400, 21250, 221798, 3.03],
		
["20200129", 21250, 21250, 20000, 20200, 217083, 2.94],
		
["20200130", 20150, 20350, 19300, 19450, 118147, 2.93],
		
["20200131", 19600, 20050, 19200, 19700, 120100, 2.92],
		
["20200203", 19450, 19900, 19050, 19200, 159889, 2.89],
		
["20200204", 19250, 19600, 19150, 19250, 86649, 2.89],
		
["20200205", 19400, 19400, 19000, 19050, 129402, 2.86],
		
["20200206", 19200, 20000, 19150, 19700, 153056, 2.97],
		
["20200207", 19700, 19800, 19400, 19500, 67049, 2.96],
		
["20200210", 19550, 20150, 19250, 20050, 67020, 2.92],
		
["20200211", 20100, 20600, 19950, 20550, 105604, 2.96],
		
["20200212", 20400, 20650, 20050, 20300, 63897, 2.97],
		
["20200213", 20200, 20500, 19800, 19850, 83763, 2.95],
		
["20200214", 20500, 20600, 20000, 20200, 99429, 2.97],
		
["20200217", 20300, 20300, 19750, 20000, 104684, 2.97],
		
["20200218", 21150, 21750, 19750, 19850, 787082, 2.61],
		
["20200219", 19900, 20050, 19450, 19650, 158978, 2.75],
		
["20200220", 19650, 19800, 19300, 19450, 154776, 2.74],
		
["20200221", 19000, 19350, 19000, 19050, 139819, 2.71],
		
["20200224", 18550, 19000, 18550, 18550, 135072, 2.69],
		
["20200225", 18650, 19100, 18350, 19000, 115428, 2.66],
		
["20200226", 18650, 19150, 18500, 19100, 93019, 2.63],
		
["20200227", 18900, 19150, 18500, 18650, 105269, 2.58],
		
["20200228", 18300, 18550, 17800, 18050, 199506, 2.54],
		
["20200302", 18100, 18300, 17900, 18050, 101000, 2.48],
		
["20200303", 18250, 18450, 17900, 18000, 126481, 2.45],
		
["20200304", 17950, 18500, 17900, 18450, 99860, 2.41],
		
["20200305", 18500, 18850, 18450, 18800, 68875, 2.43],
		
["20200306", 18500, 18700, 18250, 18400, 63425, 2.4],
		
["20200309", 18400, 18400, 17750, 18100, 121145, 2.38],
		
["20200310", 17600, 18000, 17500, 17900, 103047, 2.34],
		
["20200311", 17850, 18100, 16950, 17200, 142204, 2.32],
		
["20200312", 16700, 17200, 15950, 16250, 228552, 2.26],
		
["20200313", 15300, 15600, 13850, 14900, 373874, 2.25],
		
["20200316", 14900, 15350, 14250, 14300, 161160, 2.28],
		
["20200317", 13050, 14250, 13000, 14150, 184921, 2.37],
		
["20200318", 14100, 14300, 13500, 13500, 119831, 2.36],
		
["20200319", 13400, 13950, 12800, 12950, 215863, 2.48],
		
["20200320", 13000, 14000, 12800, 14000, 149530, 2.45],
		
["20200323", 13050, 13450, 12850, 13100, 108968, 2.43],
		
["20200324", 13300, 13850, 12900, 13850, 116364, 2.42],
		
["20200325", 14600, 14650, 13950, 14450, 179738, 2.45],
		
["20200326", 14400, 15250, 14050, 14650, 258468, 2.36],
		
["20200327", 15300, 15300, 14100, 14650, 203434, 2.35],
		
["20200330", 14000, 14950, 14000, 14800, 102669, 2.37],
		
["20200331", 15200, 15350, 14750, 15050, 143028, 2.36],
		
["20200401", 14800, 15650, 14750, 15150, 146410, 2.4],
		
["20200402", 15150, 15400, 14500, 15000, 230424, 2.45],
		
["20200403", 15000, 15150, 14750, 15100, 114576, 2.45],
		
["20200406", 15100, 15950, 15100, 15850, 154002, 2.47],
		
["20200407", 16100, 17150, 15900, 17000, 240575, 2.45],
		
["20200408", 16750, 17500, 16650, 17000, 133122, 2.43],
		
["20200409", 17300, 17600, 16900, 17300, 142281, 2.44],
		
["20200410", 17250, 17300, 16750, 17300, 125524, 2.48],
		
["20200413", 17300, 17850, 17150, 17600, 129059, 2.45],
		
["20200414", 17500, 17750, 17350, 17750, 147261, 2.45],
		
["20200416", 16500, 16950, 16250, 16750, 262008, 2.56],
		
["20200417", 17200, 17200, 16700, 16800, 193346, 2.59],
		
["20200420", 16800, 17100, 16450, 16850, 165291, 2.69],
		
["20200421", 16850, 17000, 16000, 16650, 221865, 2.68],
		
["20200422", 16500, 16600, 16100, 16550, 80398, 2.66],
		
["20200423", 16550, 16850, 16450, 16850, 89912, 2.7],
		
["20200424", 16800, 16950, 16400, 16600, 91413, 2.64],
		
["20200427", 16650, 17100, 16500, 16950, 112303, 2.7],
		
["20200428", 16950, 17200, 16600, 16900, 87951, 2.66],
		
["20200429", 17000, 17150, 16900, 17000, 96270, 2.71],
		
["20200504", 16800, 16850, 16550, 16550, 102522, 2.69],
		
["20200506", 16700, 16850, 16600, 16700, 65211, 2.75],
		
["20200507", 16650, 16900, 16550, 16850, 64350, 2.78],
		
["20200508", 16950, 17150, 16750, 16900, 92757, 2.8],
		
["20200511", 16800, 16800, 16450, 16650, 100908, 2.83],
		
["20200512", 16650, 16700, 16250, 16250, 97103, 2.76],
		
["20200513", 15850, 16350, 15850, 16250, 84345, 2.76],
		
["20200514", 16150, 16450, 16050, 16150, 50088, 2.74],
		
["20200515", 16200, 16500, 16100, 16500, 63970, 2.76],
		
["20200518", 16350, 16600, 16100, 16200, 64399, 2.76],
		
["20200519", 16450, 16700, 16350, 16700, 72263, 2.81],
		
["20200520", 16500, 16950, 16500, 16900, 69806, 2.83],
		
["20200521", 16950, 16950, 16700, 16800, 57699, 2.81],
		
["20200522", 16900, 16950, 16300, 16450, 61155, 2.81],
		
["20200525", 16400, 16650, 16250, 16500, 40953, 2.78],
		
["20200526", 16500, 16800, 16450, 16650, 64438, 2.81],
		
["20200527", 16600, 17250, 16500, 17250, 172834, 2.95],
		
["20200528", 17350, 17400, 16750, 17000, 123178, 2.81],
		
["20200529", 16650, 16800, 16500, 16550, 69600, 2.79],
		
["20200601", 16550, 16850, 16450, 16750, 88116, 2.81],
		
["20200602", 16850, 17200, 16550, 17150, 144846, 2.92],
		
["20200603", 17150, 17850, 17100, 17450, 271499, 3.07],
		
["20200604", 17700, 17850, 16850, 16950, 218215, 2.97],
		
["20200605", 17000, 17250, 16750, 17200, 74761, 3.0],
		
["20200608", 17350, 17400, 16900, 17000, 104795, 2.99],
		
["20200609", 17050, 17350, 16950, 17050, 86251, 3.01],
		
["20200610", 17050, 17450, 17000, 17150, 128977, 3.0],
		
["20200611", 17050, 17150, 16600, 16700, 143277, 2.97],
		
["20200612", 15900, 16350, 15850, 16150, 144560, 2.92],
		
["20200615", 15950, 16100, 15400, 15400, 145004, 2.86],
		
["20200616", 15750, 16050, 15650, 16050, 66569, 2.91],
		
["20200617", 15750, 16200, 15700, 15950, 64799, 2.88],
		
["20200618", 16050, 16050, 15450, 15700, 102819, 2.85],
		
["20200619", 15900, 15900, 15500, 15600, 80100, 2.77],
		
["20200622", 15500, 15650, 15350, 15500, 69320, 2.76],
		
["20200623", 15650, 15700, 15350, 15350, 53731, 2.75],
		
["20200624", 15350, 15500, 15200, 15400, 81451, 2.76],
		
["20200625", 15150, 15350, 15050, 15050, 75675, 2.7],
		
["20200626", 15150, 15350, 15100, 15100, 30508, 2.69],
		
["20200629", 14950, 15150, 14850, 14850, 42280, 2.67],
		
["20200630", 15000, 15250, 14900, 15000, 34288, 2.61],
		
["20200701", 15100, 15200, 14900, 14900, 37160, 2.58],
		
["20200702", 14950, 15450, 14950, 15300, 42189, 2.59],
		
["20200703", 15200, 15600, 15200, 15450, 31197, 2.59],
		
["20200706", 15500, 15550, 15300, 15350, 42575, 2.6],
		
["20200707", 15350, 15500, 15100, 15200, 56359, 2.56],
		
["20200708", 15300, 15300, 15000, 15100, 45718, 2.55],
		
["20200709", 15100, 15500, 15000, 15400, 75714, 2.59],
		
["20200710", 15400, 15500, 15000, 15100, 59710, 2.56],
		
["20200713", 15300, 15550, 15000, 15500, 80623, 2.58],
		
["20200714", 15350, 15700, 15300, 15600, 58994, 2.59],
		
["20200715", 15850, 16200, 15650, 15850, 110413, 2.6],
		
["20200716", 15850, 15900, 15650, 15700, 47758, 2.59],
		
["20200717", 15700, 15900, 15600, 15700, 36019, 2.6],
		
["20200720", 15700, 16200, 15650, 16100, 77809, 2.63],
		
["20200721", 16150, 17100, 16100, 16900, 224365, 2.69],
		
["20200722", 17000, 17050, 16550, 17000, 114551, 2.66],
		
["20200723", 16900, 16900, 16400, 16400, 105712, 2.63],
		
["20200724", 16150, 16600, 16000, 16050, 79904, 2.66],
		
["20200727", 16200, 16500, 16050, 16300, 49694, 2.66],
		
["20200728", 16300, 16550, 16200, 16350, 65783, 2.67],
		
["20200729", 16200, 16550, 16100, 16500, 70888, 2.66],
		
["20200730", 16400, 16500, 16200, 16400, 55714, 2.66],
		
["20200731", 16350, 16400, 16100, 16200, 56257, 2.66],
		
["20200803", 16350, 16350, 16050, 16150, 39232, 2.65],
		
["20200804", 16450, 17400, 16400, 16850, 258210, 2.69],
		
["20200805", 17100, 17100, 16550, 16650, 107705, 2.68],
		
["20200806", 16850, 17700, 16500, 17350, 352112, 2.7],
		
["20200807", 17200, 17650, 16850, 17150, 213576, 2.67],
		
["20200810", 17000, 17450, 16700, 16950, 115397, 2.65],
		
["20200811", 16900, 17750, 16850, 17450, 303571, 2.67],
		
["20200812", 17450, 17500, 16900, 17350, 98792, 2.66],
		
["20200813", 17300, 17550, 17200, 17500, 91126, 2.63],
		
["20200814", 17500, 17800, 17300, 17300, 128078, 2.63],
		
["20200818", 17550, 17650, 16450, 16500, 119581, 2.57],
		
["20200819", 16350, 16900, 16350, 16750, 62044, 2.57],
		
["20200820", 16550, 16750, 15750, 15900, 121824, 2.56],
		
["20200821", 16350, 16350, 15800, 15900, 114644, 2.56],
		
["20200824", 15800, 16000, 15300, 15900, 90398, 2.58],
		
["20200825", 15950, 16350, 15950, 16300, 67860, 2.6],
		
["20200826", 16300, 16300, 15800, 16000, 84577, 2.56],
		
["20200827", 15950, 15950, 15500, 15500, 109392, 2.49],
		
["20200828", 15600, 16000, 15600, 15750, 61240, 2.47],
		
["20200831", 15800, 16550, 15800, 16300, 128124, 2.47],
		
["20200901", 16300, 16650, 16100, 16200, 90731, 2.45],
		
["20200902", 16500, 16500, 16100, 16400, 45948, 2.44],
		
["20200903", 16500, 16550, 16200, 16250, 59123, 2.43],
		
["20200904", 15950, 20500, 15800, 17700, 888322, 2.31],
		
["20200907", 17400, 18800, 17100, 18150, 548374, 2.33],
		
["20200908", 18200, 19600, 18150, 18200, 469054, 2.31],
		
["20200909", 18000, 18400, 17800, 18050, 154297, 2.32],
		
["20200910", 18100, 18400, 17700, 18150, 154138, 2.29],
		
["20200911", 17950, 18150, 17650, 17700, 83695, 2.27],
		
["20200914", 17650, 18050, 17450, 17650, 124749, 2.36],
		
["20200915", 17600, 17750, 17300, 17350, 97151, 2.34],
		
["20200916", 17250, 17500, 17200, 17250, 66274, 2.34],
		
["20200917", 17250, 17300, 16850, 16900, 100224, 2.34],
		
["20200918", 16800, 17350, 16800, 17100, 66533, 2.35],
		
["20200921", 17000, 17500, 16850, 16950, 88087, 2.32],
		
["20200922", 17050, 17050, 16300, 16400, 99960, 2.29],
		
["20200923", 16450, 16750, 16000, 16150, 84338, 2.27],
		
["20200924", 15800, 16400, 15600, 15850, 148431, 2.26],
		
["20200925", 16100, 16100, 15800, 15850, 62863, 2.25],
		
["20200928", 15950, 16400, 15950, 16200, 44577, 2.24],
		
["20200929", 16250, 16400, 16100, 16300, 75528, 2.27],
		
["20201005", 16500, 16850, 16350, 16650, 78790, 2.28],
		
["20201006", 16650, 16750, 16400, 16600, 77347, 2.29],
		
["20201007", 16650, 17000, 16400, 17000, 72939, 2.27],
		
["20201008", 17100, 17100, 16650, 16800, 87175, 2.29],
		
["20201012", 17000, 17000, 16650, 16700, 46948, 2.29],
		
["20201013", 16700, 16900, 16500, 16700, 67492, 2.29],
		
["20201014", 16600, 16850, 16550, 16650, 68884, 2.29],
		
["20201015", 16550, 16650, 16000, 16200, 157224, 2.32],
		
["20201016", 16350, 16650, 16100, 16450, 129870, 2.34],
		
["20201019", 16700, 17050, 16600, 16950, 243737, 2.35],
		
["20201020", 16700, 17400, 16250, 16450, 350063, 2.36],
		
["20201021", 16350, 17000, 16300, 16650, 166308, 2.48],
		
["20201022", 16650, 16750, 16200, 16300, 135039, 2.47],
		
["20201023", 16350, 16500, 16050, 16300, 93288, 2.51],
		
["20201026", 16200, 16400, 15900, 16000, 150238, 2.56],
		
["20201027", 16000, 16100, 15800, 15950, 87719, 2.53],
		
["20201028", 15850, 16200, 15800, 16000, 54331, 2.52],
		
["20201029", 15800, 15950, 15650, 15800, 76931, 2.48],
		
["20201030", 15850, 15900, 15450, 15550, 113209, 2.37],
		
["20201102", 15550, 15750, 15500, 15600, 43758, 2.37],
		
["20201103", 15600, 15950, 15600, 15800, 37785, 2.38],
		
["20201104", 15950, 16100, 15750, 15950, 48464, 2.4],
		
["20201105", 15900, 16200, 15900, 15950, 98885, 2.42],
		
["20201106", 16100, 16100, 15850, 15900, 49315, 2.42],
		
["20201109", 16000, 16300, 16000, 16250, 95716, 2.49],
		
["20201110", 16350, 16350, 16100, 16250, 74576, 2.52],
		
["20201111", 16250, 16800, 16200, 16800, 177402, 2.53],
		
["20201112", 16850, 16850, 16500, 16700, 93915, 2.5],
		
["20201113", 16600, 16800, 16500, 16700, 68533, 2.55],
		
["20201116", 16700, 17000, 16550, 16750, 101655, 2.59],
		
["20201117", 16650, 16950, 16650, 16700, 82051, 2.58],
		
["20201118", 16650, 17000, 16650, 16850, 72804, 2.57],
		
["20201119", 16800, 16850, 16500, 16650, 53645, 2.57],
		
["20201120", 16650, 16800, 16600, 16650, 46929, 2.6],
		
["20201123", 16500, 16800, 16450, 16650, 127155, 2.67],
		
["20201124", 16650, 17400, 16650, 17250, 251853, 2.72],
		
["20201125", 17300, 17350, 16750, 17000, 150937, 2.67],
		
["20201126", 16850, 17000, 16550, 16700, 134039, 2.65],
		
["20201127", 16650, 16800, 16550, 16600, 67482, 2.66],
		
["20201130", 16600, 16750, 16500, 16500, 93698, 2.58],
		
["20201201", 16600, 16700, 16500, 16650, 51877, 2.53],
		
["20201202", 16650, 16750, 16500, 16700, 84378, 2.51],
		
["20201203", 16700, 17100, 16600, 16900, 150906, 2.52],
		
["20201204", 17050, 17050, 16650, 16850, 97165, 2.47],
		
["20201207", 16900, 16900, 16500, 16700, 83515, 2.48],
		
["20201208", 16600, 16900, 16550, 16650, 86679, 2.5],
		
["20201209", 16650, 16850, 16600, 16850, 61669, 2.52],
		
["20201210", 16950, 17400, 16700, 17050, 308691, 2.54],
		
["20201211", 17250, 17350, 16950, 17100, 162802, 2.54],
		
["20201214", 17050, 17150, 16800, 16950, 85592, 2.31],
		
["20201215", 16850, 17000, 16750, 16950, 99518, 2.34],
		
["20201216", 16950, 17150, 16800, 17000, 90064, 2.36],
		
["20201217", 17200, 17350, 16950, 17250, 177706, 2.36],
		
["20201218", 17400, 18950, 17400, 18350, 1537208, 2.49],
		
["20201221", 18450, 19000, 17800, 17950, 539157, 2.4],
		
["20201222", 17850, 17900, 17050, 17050, 273057, 2.39],
		
["20201223", 17150, 17500, 17100, 17350, 275001, 2.42],
		
["20201224", 17300, 17450, 17100, 17400, 174049, 2.47],
		
["20201228", 17600, 18100, 17500, 17850, 310668, 2.5],
		
["20201229", 17950, 18000, 17350, 17500, 229258, 2.46],
		
["20201230", 17700, 18200, 17600, 17850, 215212, 2.44],
		
["20210104", 18000, 18150, 17700, 18100, 218242, 2.45],
		
["20210105", 18000, 18250, 17850, 18200, 242252, 2.55],
		
["20210106", 18200, 18300, 17900, 18000, 208923, 2.54],
		
["20210107", 18000, 18200, 17850, 18050, 221474, 2.67],
		
["20210108", 18150, 18550, 18100, 18300, 385244, 2.85],
		
["20210111", 18500, 18500, 17450, 17750, 355224, 2.8],
		
["20210112", 17700, 17750, 17300, 17400, 185496, 2.78],
		
["20210113", 17500, 17600, 17150, 17250, 201999, 2.77],
		
["20210114", 17300, 17450, 17100, 17400, 158837, 2.79],
		
["20210115", 17400, 17500, 16950, 17050, 194097, 2.82],
		
["20210118", 17050, 17150, 16500, 16800, 200968, 2.77],
		
["20210119", 17050, 17050, 16700, 16950, 119809, 2.77],
		
["20210120", 17000, 17050, 16750, 17000, 118454, 2.75],
		
["20210121", 17000, 17200, 16850, 17100, 190825, 2.8],
		
["20210122", 17150, 18000, 17050, 17300, 431937, 2.71],
		
["20210125", 17300, 17600, 17150, 17400, 206363, 2.81],
		
["20210126", 17500, 17850, 17450, 17850, 198571, 2.83],
		
["20210127", 17850, 17950, 17350, 17400, 169379, 2.83],
		
["20210128", 17200, 17200, 16850, 17050, 147088, 2.77],
		
["20210129", 17150, 17250, 16900, 17050, 183926, 2.72],
		
["20210201", 17050, 17350, 16900, 17150, 121875, 2.79],
		
["20210202", 17200, 17800, 17100, 17650, 234530, 2.97],
		
["20210203", 17950, 18000, 17550, 17650, 171283, 2.96],
		
["20210204", 17750, 17750, 17400, 17700, 99123, 2.96],
		
["20210205", 17750, 18200, 17700, 17750, 199562, 2.96],
		
["20210208", 18000, 18250, 17700, 18000, 249554, 3.16],
		
["20210209", 18100, 18200, 17700, 17750, 163942, 3.16],
		
["20210210", 17800, 18050, 17600, 17900, 132683, 3.18],
		
["20210215", 18050, 18650, 17950, 18450, 370318, 3.17],
		
["20210216", 18450, 18550, 18200, 18450, 153848, 3.1],
		
["20210217", 18300, 18350, 17950, 18000, 227189, 3.02],
		
["20210218", 18100, 18300, 17950, 18000, 134804, 2.97],
		
["20210219", 18000, 18200, 17450, 17850, 205207, 2.88],
		
["20210222", 17950, 18050, 17800, 17850, 102251, 2.85],
		
["20210223", 17850, 18100, 17600, 18050, 123775, 2.82],
		
["20210224", 18100, 18150, 17400, 17450, 187083, 2.77],
		
["20210225", 17600, 17700, 17400, 17550, 122653, 2.71],
		
["20210226", 17350, 17500, 17050, 17500, 134596, 2.68],
		
["20210302", 17650, 17900, 17550, 17700, 104888, 2.71],
		
["20210303", 17700, 17900, 17600, 17750, 98170, 2.71],
		
["20210304", 17650, 19300, 17550, 19100, 973605, 3.17],
		
["20210305", 19100, 20450, 18650, 19750, 990352, 3.1],
		
["20210308", 19800, 20150, 19450, 19950, 372430, 3.04],
		
["20210309", 20100, 20800, 19800, 20050, 479306, 2.99],
		
["20210310", 20050, 20300, 19750, 19850, 164408, 3.06],
		
["20210311", 19650, 20700, 19350, 20400, 446639, 3.18],
		
["20210312", 20550, 20550, 20100, 20350, 219316, 3.15],
		
["20210315", 20300, 20800, 19950, 20000, 185899, 3.22],
		
["20210316", 20050, 20650, 20050, 20650, 152767, 3.25],
		
["20210317", 20700, 22350, 20650, 21750, 724468, 3.32],
		
["20210318", 21750, 21850, 21100, 21300, 293603, 3.2],
		
["20210319", 21000, 21300, 20650, 21250, 140111, 3.15],
		
["20210322", 21400, 21850, 21200, 21400, 164058, 3.08],
		
["20210323", 21450, 21550, 20650, 20800, 234490, 3.14],
		
["20210324", 20500, 20700, 20250, 20400, 180590, 3.23],
		
["20210325", 20700, 20800, 20450, 20550, 110298, 3.26],
		
["20210326", 20750, 21100, 20400, 20800, 159998, 3.23],
		
["20210329", 20800, 21850, 20650, 21450, 230583, 3.19],
		
["20210330", 21350, 21700, 21150, 21550, 131627, 3.11],
		
["20210331", 21700, 22550, 21300, 22450, 257164, 3.05],
		
["20210401", 23350, 23800, 22700, 23000, 437944, 2.98],
		
["20210402", 23050, 27600, 22850, 25900, 1933704, 3.08],
		
["20210405", 26200, 27300, 25700, 26800, 723991, 3.04],
		
["20210406", 26600, 30000, 26400, 28600, 1269264, 3.11],
		
["20210407", 28600, 29550, 27050, 27300, 607917, 2.98],
		
["20210408", 27850, 29750, 27500, 28100, 684124, 2.93],
		
["20210409", 28100, 28650, 27600, 28450, 312658, 3.03],
		
["20210412", 28450, 33150, 27800, 31200, 1173641, 3.02],
		
["20210413", 31200, 32450, 30900, 31300, 616362, 2.87],
		
["20210414", 31300, 36300, 29900, 35350, 1719288, 2.95],
		
["20210415", 34950, 39600, 34050, 37200, 1960098, 2.84],
		
["20210416", 36950, 38900, 36750, 37050, 664465, 2.85],
		
["20210419", 37400, 38300, 36900, 37450, 454711, 2.88],
		
["20210420", 37500, 44000, 37050, 43100, 2409652, 3.04],
		
["20210421", 42300, 45150, 41200, 43750, 1089601, 2.87],
		
["20210422", 43950, 55100, 43950, 49000, 4052860, 2.9],
		
["20210423", 49600, 51200, 40150, 40400, 1808859, 2.89],
		
["20210426", 39200, 39500, 36850, 37500, 1178889, 2.89],
		
["20210427", 37750, 40350, 37750, 39350, 669837, 2.9],
		
["20210428", 39650, 40250, 37500, 39250, 433443, 2.92],
		
["20210429", 38550, 39050, 36100, 36850, 402421, 2.97],
		
["20210430", 36500, 39200, 35350, 38400, 798119, 3.0],
		
["20210503", 38400, 39500, 36300, 36300, 360046, 2.99],
		
["20210504", 35500, 35900, 31900, 33600, 893385, 3.04],
		
["20210506", 33050, 34150, 32450, 33050, 391386, 2.88],
		
["20210507", 33500, 35250, 33200, 34750, 512133, 2.81],
		
["20210510", 35050, 36700, 35050, 35750, 463147, 2.59],
		
["20210511", 35800, 39200, 35750, 38550, 818610, 2.44],
		
["20210512", 37700, 39400, 36650, 38800, 737981, 2.32],
		
["20210513", 38300, 44150, 37800, 40850, 2347306, 2.08],
		
["20210514", 40850, 42400, 39400, 40100, 675315, 2.09],
		
["20210517", 41800, 42600, 40850, 41950, 745137, 2.1],
		
["20210518", 43500, 46650, 43300, 46100, 1592174, 2.19],
		
["20210520", 46500, 52500, 46500, 52400, 2694663, 2.41],
		
["20210521", 52900, 55000, 44750, 49500, 4542660, 1.91],
		
["20210524", 51400, 52300, 47000, 49150, 1870952, 1.94],
		
["20210525", 48750, 49150, 46650, 47150, 998548, 1.96],
		
["20210526", 47600, 56200, 47400, 54800, 3485082, 2.35],
		
["20210527", 54300, 57800, 53300, 56000, 2568734, 2.04],
		
["20210528", 55500, 60800, 55200, 58300, 2747426, 2.35],
		
["20210531", 58300, 59900, 57500, 58100, 1139598, 2.16],
		
["20210601", 58600, 59100, 55000, 55500, 1178800, 2.06],
		
["20210602", 55000, 61000, 54000, 57100, 2004118, 2.12],
		
["20210603", 57800, 58600, 55800, 56300, 642857, 2.04],
		
["20210604", 55900, 58900, 55700, 58000, 1135400, 2.29],
		
["20210607", 59000, 63000, 57000, 61400, 2731386, 2.41],
		
["20210608", 61300, 61300, 56900, 56900, 1306384, 2.11],
		
["20210609", 56700, 59500, 55800, 56200, 780509, 2.08],
		
["20210610", 55900, 56200, 53000, 53500, 875832, 2.18],
		
["20210611", 54400, 55000, 51400, 52400, 690886, 2.21],
		
["20210614", 52200, 53800, 50900, 53600, 553860, 2.35],
		
["20210615", 54000, 54200, 51700, 51800, 390289, 2.15],
		
["20210616", 51900, 57000, 51400, 53400, 1060810, 2.19],
		
["20210617", 52600, 53600, 52000, 52000, 260828, 2.16],
		
["20210618", 52400, 52900, 51100, 51600, 371410, 2.11],
		
["20210621", 51600, 52800, 50200, 50500, 390516, 2.24],
		
["20210622", 50500, 51700, 50200, 50400, 267307, 2.32],
		
["20210623", 51100, 51200, 48550, 48900, 479060, 2.36],
		
["20210624", 48850, 51900, 47050, 49050, 1092135, 2.69],
		
["20210625", 49500, 51200, 49350, 50600, 444472, 2.61],
		
["20210628", 51600, 51700, 50400, 50500, 201613, 2.49],
		
["20210629", 50600, 52900, 50300, 51300, 346174, 2.59],
		
["20210630", 51500, 51500, 50300, 50500, 222180, 2.52],
		
["20210701", 50500, 51100, 48450, 48900, 621275, 2.64],
		
["20210702", 49150, 52000, 49150, 51400, 695660, 3.24],
		
["20210705", 52100, 52200, 50000, 50600, 435938, 2.92],
		
["20210706", 51200, 59400, 51000, 56500, 3714452, 3.09],
		
["20210707", 55800, 56000, 54000, 54400, 763429, 2.79],
		
["20210708", 54100, 54200, 51900, 52600, 566171, 2.74],
		
["20210709", 51700, 57000, 51300, 56000, 1606667, 2.88],
		
["20210712", 58000, 58400, 53900, 54100, 846709, 2.51],
		
["20210713", 54700, 56300, 52500, 53400, 628112, 2.27],
		
["20210714", 53700, 53800, 52300, 52800, 370598, 2.29],
		
["20210715", 53500, 57300, 53100, 55500, 1410497, 2.76],
		
["20210716", 55700, 55800, 53400, 53500, 601741, 2.22],
		
["20210719", 53100, 54800, 52600, 54600, 389795, 2.17],
		
["20210720", 54900, 62000, 54900, 61500, 5408709, 2.39],
		
["20210721", 60900, 61000, 58000, 59100, 1321299, 2.27],
		
["20210722", 60500, 62300, 57600, 58300, 1346195, 1.96],
		
["20210723", 57800, 58000, 55500, 55900, 779438, 1.96],
		
["20210726", 56700, 56800, 54300, 54900, 452226, 1.98],
		
["20210727", 54900, 56200, 54100, 54100, 371751, 1.98],
		
["20210728", 54700, 57200, 54400, 55100, 775913, 2.16],
		
["20210729", 56000, 56400, 53600, 53700, 423664, 2.0],
		
["20210730", 54000, 55200, 52500, 53300, 465310, 2.0],
		
["20210802", 53000, 54100, 52100, 52400, 259634, 1.95],
		
["20210803", 51800, 52200, 49950, 50800, 497221, 1.98],
		
["20210804", 50800, 51800, 50000, 51400, 278469, 2.05],
		
["20210805", 52800, 52800, 51100, 51300, 235811, 1.96],
		
["20210806", 51000, 51600, 50300, 50700, 238615, 1.93],
		
["20210809", 50700, 50800, 49650, 49850, 280749, 1.92],
		
["20210810", 49850, 51100, 48950, 50800, 269444, 1.88],
		
["20210811", 50800, 51000, 49850, 50000, 152001, 1.88],
		
["20210812", 50000, 51300, 49900, 50100, 182470, 1.91],
		
["20210813", 50100, 50400, 47800, 48150, 369996, 1.93],
		
["20210817", 48000, 48450, 45050, 45300, 433102, 2.19],
		
["20210818", 44800, 46900, 44800, 46100, 283444, 2.4],
		
["20210819", 45300, 45900, 43450, 43650, 464627, 2.72],
		
["20210820", 43700, 45750, 43600, 44450, 383060, 2.84],
		
["20210823", 44450, 45450, 42950, 44600, 221561, 2.9],
		
["20210824", 45150, 47650, 45050, 47100, 328156, 2.89],
		
["20210825", 47500, 47500, 46000, 46300, 143733, 2.82],
		
["20210826", 46400, 46550, 44900, 45500, 162362, 2.83],
		
["20210827", 44150, 46200, 44150, 46100, 145748, 2.86],
		
["20210830", 46300, 48550, 46000, 47800, 232111, 2.88],
		
["20210831", 47850, 47850, 46400, 46450, 163194, 2.76],
		
["20210901", 46500, 49450, 46400, 48850, 475714, 2.88],
		
["20210902", 50800, 51500, 49050, 49650, 809885, 2.57],
		
["20210903", 50200, 50700, 48150, 48600, 311332, 2.43],
		
["20210906", 48800, 50300, 47650, 49800, 242516, 2.54],
		
["20210907", 49800, 50700, 49350, 49800, 170058, 2.56],
		
["20210908", 49750, 50300, 47900, 47900, 233159, 2.57],
		
["20210909", 47900, 48500, 47000, 47100, 186789, 2.63],
		
["20210910", 47050, 48200, 46750, 47200, 129499, 2.7],
		
["20210913", 46900, 47450, 45800, 45850, 149806, 2.67],
		
["20210914", 46000, 48500, 46000, 47550, 193316, 2.8],
		
["20210915", 48200, 50600, 47750, 49500, 480061, 2.85],
		
["20210916", 49900, 51400, 49550, 50800, 385309, 3.06],
		
["20210917", 52000, 52000, 49000, 49300, 296366, 2.81],
		
["20210923", 49500, 51400, 49150, 50200, 358364, 2.89],
		
["20210924", 50200, 50400, 48400, 48750, 229507, 2.71],
		
["20210927", 48600, 50600, 47550, 49300, 236816, 2.78],
		
["20210928", 49300, 51500, 48850, 51100, 442157, 2.74],
		
["20210929", 50000, 50800, 48850, 49250, 306461, 2.53],
		
["20210930", 49450, 49700, 47750, 48700, 262660, 2.43],
		
["20211001", 48750, 49750, 48250, 48400, 230822, 2.48],
		
["20211005", 48450, 52900, 48400, 51500, 979642, 3.0],
		
["20211006", 51800, 52000, 47250, 47300, 830334, 2.3],
		
["20211007", 47800, 48400, 47100, 47600, 221293, 2.4],
		
["20211008", 47950, 48550, 45200, 45450, 414954, 2.29],
		
["20211012", 45150, 45850, 43800, 43950, 273187, 2.31],
		
["20211013", 44600, 49850, 44300, 49300, 898821, 2.65],
		
["20211014", 49800, 53000, 49700, 51900, 906485, 2.86],
		
["20211015", 52300, 60000, 51900, 59100, 2632898, 3.6],
		
["20211018", 59400, 61000, 58200, 60500, 1080551, 3.65],
		
["20211019", 59900, 62100, 59500, 61400, 848150, 3.88],
		
["20211020", 60900, 62100, 57100, 57500, 1021466, 4.08],
		
["20211021", 57200, 63000, 56100, 62700, 1711217, 3.59],
		
["20211022", 63000, 69200, 61700, 65100, 2689158, 3.09],
		
["20211025", 67800, 74400, 66900, 72900, 2516722, 3.58],
		
["20211026", 72100, 76100, 71100, 74600, 1183017, 3.56],
		
["20211027", 73600, 74900, 71500, 74200, 851397, 3.63],
		
["20211028", 73500, 78700, 68000, 70400, 1856073, 3.67],
		
["20211029", 70500, 72400, 68900, 70900, 706173, 3.8],
		
["20211101", 72000, 74600, 68700, 70100, 887715, 3.72],
		
["20211102", 69500, 74200, 69500, 73800, 1009397, 3.96],
		
["20211103", 74500, 75200, 70500, 70700, 749490, 3.66],
		
["20211104", 73100, 90900, 72100, 87600, 6691870, 4.44],
		
["20211105", 87600, 90700, 85000, 89900, 2322681, 4.21],
		
["20211108", 89900, 91600, 86500, 90300, 1222365, 4.14],
		
["20211109", 90300, 102000, 90000, 95200, 3681227, 3.3],
		
["20211110", 94100, 99400, 92900, 96400, 1730248, 3.33],
		
["20211111", 94700, 96400, 91700, 93600, 1032629, 3.47],
		
["20211112", 93600, 105000, 93600, 100500, 2355519, 3.88],
		
["20211115", 99400, 101000, 95200, 97900, 1103372, 3.5],
		
["20211116", 97100, 106500, 95200, 103500, 1383551, 3.99],
		
["20211117", 104500, 116500, 104500, 112000, 1660454, 3.76],
		
["20211118", 115000, 115500, 108500, 113000, 746536, 3.55],
		
["20211119", 106000, 109000, 95500, 99600, 2942309, 2.78],
		
["20211122", 102500, 103500, 93300, 95300, 1509190, 2.75],
		
["20211123", 100000, 103500, 94200, 94700, 1470572, 2.53],
		
["20211124", 96500, 97300, 88800, 93500, 1296135, 2.69],
		
["20211125", 93600, 95800, 89700, 90600, 707329, 2.67],
		
["20211126", 90700, 95800, 90000, 92700, 1078880, 2.77],
		
["20211129", 88500, 90200, 83200, 85000, 1032903, 2.72],
		
["20211130", 87000, 88800, 82400, 83300, 808550, 2.89],
		
["20211201", 84100, 95300, 82500, 94900, 2131585, 3.07],
		
["20211202", 94900, 97600, 89700, 91100, 1206153, 2.42],
		
["20211203", 93100, 94800, 90300, 91800, 776343, 2.33],
		
["20211206", 90800, 95300, 90700, 92200, 706354, 2.23],
		
["20211207", 92900, 93700, 90200, 90200, 445732, 2.03],
		
["20211208", 91300, 93800, 90200, 90600, 538598, 2.12],
		
["20211209", 90900, 91900, 88900, 90800, 489726, 2.18],
		
["20211210", 90800, 90800, 88300, 88800, 345953, 2.08],
		
["20211213", 89200, 89300, 85800, 87200, 387929, 2.34],
		
["20211214", 86200, 88100, 84200, 85000, 378950, 2.35],
		
["20211215", 85000, 88700, 83900, 87100, 447916, 2.45],
		
["20211216", 88500, 89100, 86800, 89000, 277683, 2.43],
		
["20211217", 88500, 92200, 88100, 90900, 443482, 2.32],
		
["20211220", 90000, 99000, 89700, 98700, 1349938, 2.27],
		
["20211221", 98300, 99200, 93100, 94800, 879368, 1.66],
		
["20211222", 96000, 96100, 90500, 93100, 727747, 1.31],
		
["20211223", 91800, 92400, 86700, 86700, 957825, 1.18],
		
["20211224", 86300, 87700, 84000, 85000, 806493, 1.39],
		
["20211227", 84300, 85700, 82900, 83000, 696109, 1.78],
		
["20211228", 84900, 87800, 84500, 86100, 1120687, 1.86],
		
["20211229", 88600, 90300, 85200, 86100, 862067, 1.63],
		
["20211230", 86600, 86900, 84100, 85000, 285048, 1.52],
		
["20220103", 93000, 93000, 87700, 88200, 1171948, 1.55],
		
["20220104", 87400, 88300, 84000, 84400, 683700, 1.45],
		
["20220105", 83500, 83500, 78100, 78600, 1112827, 1.4],
		
["20220106", 76100, 78500, 75300, 75300, 596757, 1.64],
		
["20220107", 76500, 78400, 76400, 77300, 336252, 1.67],
		
["20220110", 79200, 84400, 78200, 78800, 1311379, 1.51],
		
["20220111", 80000, 80900, 76500, 77600, 442047, 1.42],
		
["20220112", 78500, 80900, 78100, 79700, 467631, 1.59],
		
["20220113", 78900, 79200, 77100, 77200, 306085, 1.48],
		
["20220114", 75900, 78000, 75500, 77000, 291744, 1.49],
		
["20220117", 76900, 79600, 76200, 76900, 357773, 1.46],
		
["20220118", 76900, 77500, 72500, 73800, 446333, 1.56],
		
["20220119", 72200, 76400, 72200, 74700, 345651, 1.74],
		
["20220120", 74400, 76400, 74400, 75800, 209403, 1.84],
		
["20220121", 75000, 77900, 74100, 75800, 243737, 1.85],
		
["20220124", 75100, 75300, 70300, 71300, 465618, 2.0],
		
["20220125", 71400, 73100, 69600, 70000, 448098, 2.19],
		
["20220126", 70100, 76800, 70100, 72900, 923695, 2.13],
		
["20220127", 72700, 74300, 70500, 71700, 409804, 2.05],
		
["20220128", 72300, 73100, 67500, 70600, 530201, 1.95],
		
["20220203", 72000, 74900, 71300, 74100, 396457, 2.22],
		
["20220204", 75500, 78100, 75200, 77800, 587503, 2.22],
		
["20220207", 80800, 81700, 77500, 79000, 624164, 1.95],
		
["20220208", 79400, 81000, 76100, 77200, 508761, 1.84],
		
["20220209", 78000, 79400, 77000, 78800, 304414, 1.89],
		
["20220210", 80300, 80400, 76600, 76700, 283547, 1.8],
		
["20220211", 76700, 78500, 75200, 77300, 263480, 1.88],
		
["20220214", 75000, 76300, 71000, 71100, 470030, 1.9],
		
["20220215", 71000, 72800, 69000, 69900, 393319, 1.97],
		
["20220216", 71900, 75200, 71600, 74500, 453621, 2.26],
		
["20220217", 74800, 79800, 73700, 76900, 605781, 2.45],
		
["20220218", 75600, 87300, 75300, 87200, 2085026, 2.71],
		
["20220221", 85100, 87800, 84400, 87200, 978336, 2.54],
		
["20220222", 85400, 88100, 82100, 82600, 858747, 2.43],
		
["20220223", 83500, 85300, 82400, 83500, 476628, 2.2],
		
["20220224", 82500, 86500, 82300, 83500, 976870, 2.31],
		
["20220225", 85900, 87800, 84700, 85400, 971095, 2.15],
		
["20220228", 93700, 94800, 88200, 89200, 2504770, 1.96],
		
["20220302", 88200, 90100, 86600, 87800, 881504, 1.88],
		
["20220303", 91600, 97100, 88400, 92600, 2181414, 2.23],
		
["20220304", 92600, 93200, 89300, 92300, 1032699, 2.06],
		
["20220307", 91500, 93500, 90600, 90700, 582494, 1.99],
		
["20220308", 89400, 91900, 86400, 89000, 943889, 1.94],
		
["20220310", 93500, 95000, 87000, 89500, 1592902, 1.6],
		
["20220311", 89600, 96500, 89000, 95200, 1965370, 2.01],
		
["20220314", 95400, 95600, 91600, 92900, 887145, 1.76],
		
["20220315", 92300, 93700, 88500, 88900, 758042, 1.59],
		
["20220316", 89800, 90400, 87700, 88100, 443970, 1.59],
		
["20220317", 88900, 89400, 87100, 88300, 561998, 1.59],
		
["20220318", 88500, 89200, 86900, 87000, 485145, 1.63],
		
["20220321", 87500, 87600, 82600, 82700, 792549, 1.46],
		
["20220322", 83800, 84500, 82500, 83000, 509941, 1.45],
		
["20220323", 83200, 85900, 82200, 84900, 880346, 1.43],
		
["20220324", 85100, 90700, 84100, 88700, 1404080, 1.55],
		
["20220325", 89000, 89200, 86300, 86600, 493230, 1.39],
		
["20220328", 86400, 88000, 85700, 85800, 307369, 1.38],
		
["20220329", 85700, 86200, 83300, 83400, 383978, 1.23],
		
["20220330", 83500, 84300, 82300, 82500, 287862, 1.13],
		
["20220331", 82100, 84100, 82100, 84100, 242898, 1.17],
		
["20220401", 85600, 86300, 82800, 82800, 356644, 1.1],
		
["20220404", 83000, 85700, 82700, 83800, 345288, 1.19],
		
["20220405", 84400, 84900, 82700, 83000, 223912, 1.15],
		
["20220406", 82700, 84100, 82000, 82100, 201363, 1.12],
		
["20220407", 81800, 81800, 78900, 79300, 357459, 1.13],
		
["20220408", 80300, 81000, 78500, 80400, 252027, 1.21],
		
["20220411", 80100, 80200, 79000, 79300, 168185, 1.26],
		
["20220412", 78600, 80200, 78300, 78500, 168523, 1.27],
		
["20220413", 78900, 79200, 77700, 78500, 143312, 1.27],
		
["20220414", 78600, 80500, 78300, 78400, 182967, 1.29],
		
["20220415", 78400, 78400, 76800, 76800, 195243, 1.26],
		
["20220418", 76400, 78400, 75900, 76500, 228190, 1.38],
		
["20220419", 76700, 76900, 74700, 74900, 312081, 1.58],
		
["20220420", 75000, 75800, 73400, 74800, 231665, 1.66],
		
["20220421", 76200, 79100, 76100, 78800, 673285, 1.75],
		
["20220422", 77700, 77800, 75200, 75200, 288420, 1.62],
		
["20220425", 73100, 73700, 71100, 71700, 392577, 1.59],
		
["20220426", 72000, 73200, 71400, 72100, 156610, 1.69],
		
["20220427", 69500, 74100, 69500, 73100, 213812, 1.81],
		
["20220428", 73100, 73900, 72000, 73900, 120904, 1.8],
		
["20220429", 74500, 75700, 73500, 73600, 186063, 1.74],
		
["20220502", 72200, 73700, 72100, 73500, 110096, 1.76],
		
["20220503", 73900, 77000, 73800, 75800, 344340, 1.77],
		
["20220504", 77800, 84300, 76600, 83000, 1673352, 2.12],
		
["20220506", 81800, 86900, 81100, 85000, 877349, 1.83],
		
["20220509", 85100, 86300, 83800, 85100, 505844, 1.9],
		
["20220510", 84000, 84700, 80200, 80500, 549430, 1.96],
		
["20220511", 79000, 80200, 76200, 76200, 490998, 2.1],
		
["20220512", 76900, 77800, 72000, 72000, 467139, 2.03],
		
["20220513", 72000, 74900, 71200, 73300, 262134, 2.07],
		
["20220516", 73900, 76600, 73600, 75900, 244467, 2.15],
		
["20220517", 75700, 78400, 75600, 76400, 223431, 2.04],
		
["20220518", 76500, 76600, 73000, 74800, 331794, 1.98],
		
["20220519", 72600, 74600, 72500, 74000, 157867, 2.0],
		
["20220520", 78300, 80500, 76900, 78800, 638203, 2.17],
		
["20220523", 80300, 80400, 74800, 75200, 486678, 1.95],
		
["20220524", 75500, 76200, 73300, 73400, 219716, 1.86],
		
["20220525", 73500, 74100, 72200, 73000, 153369, 1.84],
		
["20220526", 73000, 74300, 72800, 72900, 154364, 1.76],
		
["20220527", 73900, 73900, 72900, 73200, 130294, 1.79],
		
["20220530", 73900, 74300, 72800, 73200, 142039, 1.74],
		
["20220531", 73500, 75000, 73200, 74000, 202119, 1.77],
		
["20220602", 76000, 76000, 74000, 74200, 228752, 1.69],
		
["20220603", 74600, 74700, 72700, 73100, 167011, 1.58],
		
["20220607", 73100, 73100, 71100, 71200, 188149, 1.53],
		
["20220608", 72100, 73500, 71500, 71500, 165354, 1.51],
		
["20220609", 71700, 72500, 70400, 71400, 169233, 1.45],
		
["20220610", 70700, 70800, 70000, 70000, 133366, 1.43],
		
["20220613", 68700, 68700, 64000, 64900, 344659, 1.53],
		
["20220614", 62400, 66900, 61500, 66500, 395716, 1.74],
		
["20220615", 66300, 67700, 65500, 67300, 197722, 1.78],
		
["20220616", 68700, 70000, 67200, 67300, 202555, 1.79],
		
["20220617", 64900, 70300, 64900, 69800, 333193, 1.88],
		
["20220620", 71000, 71500, 66300, 66800, 312482, 1.95],
		
["20220621", 67200, 67700, 57800, 58300, 1157925, 1.78],
		
["20220622", 58700, 59200, 56700, 56900, 409616, 1.92],
		
["20220623", 58200, 61500, 57400, 57600, 776077, 2.03],
		
["20220624", 57000, 59700, 56500, 59300, 250513, 2.11],
		
["20220627", 60200, 67600, 60200, 66800, 821599, 2.12],
		
["20220628", 67400, 72800, 66000, 71100, 986374, 2.02],
		
["20220629", 70400, 74200, 69800, 72500, 649425, 2.08],
		
["20220630", 73000, 74200, 70700, 71000, 538316, 2.3],
		
["20220701", 70200, 71800, 67700, 69200, 426599, 2.4],
		
["20220704", 69400, 69600, 65500, 67500, 321212, 2.54],
		
["20220705", 67500, 68400, 65400, 66700, 350848, 2.51],
		
["20220706", 67900, 69600, 64200, 64200, 482578, 2.28],
		
["20220707", 66700, 70500, 65700, 69900, 763837, 2.55],
		
["20220708", 70500, 70700, 67600, 68000, 365197, 2.41],
		
["20220711", 68200, 68300, 65800, 66500, 228408, 2.48],
		
["20220712", 66000, 67400, 65300, 67300, 216749, 2.34],
		
["20220713", 67000, 67600, 66300, 66500, 143479, 2.32],
		
["20220714", 66000, 66500, 64700, 65300, 172473, 2.27],
		
["20220715", 65200, 65800, 63400, 64400, 168087, 2.25],
		
["20220718", 64700, 65800, 64400, 64700, 124067, 2.28],
		
["20220719", 64900, 65600, 61500, 62000, 537547, 2.03],
		
["20220720", 62500, 62800, 61400, 62500, 252688, 2.15],
		
["20220721", 63100, 65100, 62800, 63300, 313739, 2.17],
		
["20220722", 63200, 63700, 62300, 62900, 134921, 2.11],
		
["20220725", 62300, 63500, 61600, 62100, 177166, 2.07],
		
["20220726", 63400, 64800, 62600, 63000, 282491, 1.99],
		
["20220727", 63000, 64300, 62300, 63500, 136879, 2.03],
		
["20220728", 64000, 64900, 63400, 64800, 201903, 2.08],
		
["20220729", 65300, 66400, 64300, 65600, 200440, 2.09],
		
["20220801", 66900, 67000, 65600, 66500, 168054, 2.12],
		
["20220802", 66500, 66900, 63300, 63700, 268278, 2.08],
		
["20220803", 63600, 64600, 63000, 64500, 116220, 2.04],
		
["20220804", 64700, 65600, 64200, 64700, 144722, 2.11],
		
["20220805", 64400, 67700, 64200, 67200, 258364, 2.34],
		
["20220808", 67100, 67900, 66300, 67400, 168466, 2.36],
		
["20220809", 67400, 71000, 67300, 69800, 391799, 2.38],
		
["20220810", 69500, 73400, 69300, 71600, 525625, 2.45],
		
["20220811", 72600, 74400, 70700, 72400, 411822, 2.52],
		
["20220812", 72300, 74400, 71200, 72300, 286327, 2.5],
		
["20220816", 72400, 74100, 71600, 72800, 254013, 2.55],
		
["20220817", 72800, 74200, 72200, 72800, 211954, 2.51],
		
["20220818", 72100, 75000, 71700, 74900, 300851, 2.64],
		
["20220819", 75600, 77000, 72400, 72800, 493466, 2.71],
		
["20220822", 71400, 74100, 71400, 72900, 167630, 2.75],
		
["20220823", 71800, 74100, 71800, 72700, 227732, 2.78],
		
["20220824", 73500, 73500, 69300, 71900, 379842, 2.78],
		
["20220825", 72200, 80000, 71900, 80000, 1107729, 2.92],
		
["20220826", 81700, 82000, 75800, 75800, 1493711, 2.48],
		
["20220829", 73400, 76500, 73000, 75400, 540715, 2.36],
		
["20220830", 75400, 76900, 73200, 73300, 463758, 2.14],
		
["20220831", 72700, 74700, 72300, 73600, 381428, 2.1],
		
["20220901", 72400, 72800, 69500, 69500, 481819, 1.99],
		
["20220902", 70000, 70500, 68200, 68400, 204176, 2.01],
		
["20220905", 67800, 69800, 67700, 68200, 161280, 1.98],
		
["20220906", 68500, 69600, 68200, 68400, 121499, 1.91],
		
["20220907", 68200, 68300, 65500, 65800, 262031, 1.84],
		
["20220908", 66200, 67100, 65500, 65500, 200400, 1.72],
		
["20220913", 66500, 67200, 66100, 66900, 198388, 1.7],
		
["20220914", 64300, 65400, 64200, 64600, 185384, 1.6],
		
["20220915", 65000, 65100, 64000, 64200, 141487, 1.59],
		
["20220916", 63200, 64000, 62200, 62600, 179580, 1.57],
		
["20220919", 62200, 62900, 60600, 60900, 141747, 1.59],
		
["20220920", 61200, 62000, 60700, 61700, 109440, 1.63],
		
["20220921", 61200, 63700, 61200, 62100, 174349, 1.61],
		
["20220922", 62100, 62200, 60600, 62100, 128059, 1.65],
		
["20220923", 62100, 62200, 59300, 59300, 168736, 1.59],
		
["20220926", 58200, 58800, 56000, 56100, 205368, 1.77],
		
["20220927", 55100, 59500, 55000, 57900, 238480, 1.92],
		
["20220928", 57800, 58400, 54800, 55200, 176738, 1.98],
		
["20220929", 56200, 57800, 55000, 55300, 151047, 2.13],
		
["20220930", 54200, 55800, 53500, 55400, 127700, 2.22],
		
["20221004", 56300, 57400, 56300, 56900, 121221, 2.33],
		
["20221005", 57800, 58000, 54100, 54500, 151277, 2.27],
		
["20221006", 55000, 57200, 54600, 55600, 164985, 2.34],
		
["20221007", 55000, 55300, 54200, 54400, 87887, 2.31],
		
["20221011", 53500, 53700, 48650, 50200, 310949, 2.3],
		
["20221012", 49850, 52300, 49850, 52000, 167430, 2.52],
		
["20221013", 52100, 52100, 48800, 48900, 148128, 2.47],
		
["20221014", 50400, 50700, 49850, 50200, 127921, 2.56],
		
["20221017", 48550, 50400, 47750, 49950, 113474, 2.54],
		
["20221018", 50900, 51600, 49350, 50400, 127327, 2.54],
		
["20221019", 50700, 52000, 50200, 50300, 138646, 2.56],
		
["20221020", 52400, 55500, 52100, 54500, 823950, 2.22],
		
["20221021", 55200, 55200, 52200, 53100, 279051, 1.98],
		
["20221024", 54000, 54200, 51200, 53200, 305800, 1.88],
		
["20221025", 51500, 51600, 48700, 49100, 539472, 1.75],
		
["20221026", 49900, 52500, 49300, 51300, 463822, 2.03],
		
["20221027", 52000, 52200, 50900, 51800, 225685, 2.1],
		
["20221028", 51800, 52700, 51600, 51800, 164917, 2.11],
		
["20221031", 49850, 49900, 48200, 49650, 370774, 2.0],
		
["20221101", 56100, 64500, 54000, 64500, 3079958, 2.08],
		
["20221102", 63000, 63700, 58100, 58200, 2248965, 1.8],
		
["20221103", 57000, 68600, 57000, 63500, 4920638, 1.57],
		
["20221104", 63100, 67400, 62800, 64900, 1492101, 1.43],
		
["20221107", 64000, 66100, 61200, 63000, 777130, 1.54],
		
["20221108", 63000, 65400, 61500, 65000, 765339, 1.74],
		
["20221109", 64400, 65500, 63600, 64100, 594818, 1.79],
		
["20221110", 63800, 66000, 62500, 62600, 511445, 1.9],
		
["20221111", 64800, 65800, 64000, 64600, 625164, 2.06],
		
["20221114", 65200, 65400, 63300, 64000, 353755, 2.11],
		
["20221115", 64600, 65500, 63100, 63700, 297754, 2.08],
		
["20221116", 64300, 69900, 63400, 68100, 2224536, 1.89],
		
["20221117", 67200, 68000, 64900, 65200, 516592, 1.74],
		
["20221118", 64700, 65100, 62700, 63200, 491189, 1.94],
		
["20221121", 63000, 65700, 61500, 62900, 603389, 1.86],
		
["20221122", 63000, 65400, 63000, 64000, 423715, 1.82],
		
["20221123", 64100, 64500, 63000, 63000, 206931, 1.84],
		
["20221124", 63400, 64300, 62800, 63100, 174606, 1.85],
		
["20221125", 64100, 65000, 63100, 63100, 309331, 1.74],
		
["20221128", 63200, 63400, 61000, 61100, 227280, 1.68],
		
["20221129", 60600, 61500, 60600, 60600, 148454, 1.74],
		
["20221130", 60600, 61800, 60500, 60600, 162036, 1.8],
		
["20221201", 61400, 62300, 60800, 61000, 181024, 1.86],
		
["20221202", 61000, 61700, 59400, 59500, 212429, 1.77],
		
["20221205", 59900, 60100, 58000, 58300, 215408, 1.71],
		
["20221206", 57800, 58300, 56900, 57200, 120787, 1.78],
		
["20221207", 57100, 57800, 56400, 56900, 101990, 1.76],
		
["20221208", 56900, 57100, 55400, 56100, 150050, 1.82],
		
["20221209", 56100, 56800, 55300, 56200, 153717, 1.84],
		
["20221212", 56100, 56800, 54900, 56200, 111111, 1.71],
		
["20221213", 57000, 59500, 56300, 56400, 307710, 1.52],
		
["20221214", 56600, 58200, 56400, 58000, 155022, 1.59],
		
["20221215", 60600, 61600, 58900, 59100, 688340, 1.38],
		
["20221216", 58000, 59500, 57800, 58800, 184309, 1.45],
		
["20221219", 58400, 58400, 56500, 56500, 197513, 1.31],
		
["20221220", 56100, 56900, 55400, 55700, 153483, 1.35],
		
["20221221", 56000, 56400, 55500, 55600, 89749, 1.37],
		
["20221222", 56000, 56900, 56000, 56200, 100625, 1.41],
		
["20221223", 55600, 55600, 54300, 54300, 176485, 1.42],
		
["20221226", 54100, 54700, 53600, 54100, 113152, 1.47],
		
["20221227", 54000, 55100, 54000, 54700, 156331, 1.62],
		
["20221228", 54300, 57000, 54200, 55500, 216113, 1.58],
		
["20221229", 54900, 56400, 54500, 54600, 145233, 1.56],
		
["20230102", 55100, 55500, 53300, 53400, 113332, 1.53],
		
["20230103", 52900, 53400, 51200, 52800, 151404, 1.64],
		
["20230104", 52100, 55100, 52100, 54700, 175442, 1.83],
		
["20230105", 55000, 57000, 54600, 56400, 167534, 1.92],
		
["20230106", 55800, 60600, 55600, 59200, 366951, 1.89],
		
["20230109", 58900, 60700, 58400, 60500, 319544, 1.94],
		
["20230110", 61500, 62900, 61100, 62600, 605124, 2.03],
		
["20230111", 63000, 63300, 61700, 62100, 296135, 2.15],
		
["20230112", 62400, 64100, 61800, 61800, 379795, 2.18],
		
["20230113", 62700, 63900, 62200, 63300, 297104, 2.34],
		
["20230116", 65000, 65000, 60600, 60800, 607315, 2.11],
		
["20230117", 61200, 61800, 60700, 60900, 177738, 2.17],
		
["20230118", 60800, 60900, 59700, 60000, 145578, 2.24],
		
["20230119", 60600, 61200, 60200, 60700, 134924, 2.25],
		
["20230120", 60500, 62000, 60200, 61800, 131814, 2.34],
		
["20230125", 61900, 64300, 61600, 64000, 361475, 2.65],
		
["20230126", 64300, 64700, 63500, 64100, 212504, 2.71],
		
["20230127", 64500, 66100, 64000, 64500, 282507, 2.83],
		
["20230130", 64700, 66000, 64000, 64300, 208144, 2.8],
		
["20230131", 64500, 65900, 63300, 65700, 746996, 2.95],
		
["20230201", 65700, 66100, 65000, 66000, 144983, 3.01],
		
["20230202", 66200, 66500, 64400, 65600, 188739, 2.96],
		
["20230203", 65200, 65900, 64900, 65100, 99600, 2.98],
		
["20230206", 64500, 65200, 63700, 63700, 115227, 3.03],
		
["20230207", 63800, 64400, 63000, 63500, 89796, 3.06],
		
["20230208", 63600, 64000, 63200, 63500, 74596, 3.09],
		
["20230209", 63000, 63800, 62500, 63100, 93696, 3.13],
		
["20230210", 63000, 63500, 61900, 63500, 118371, 3.17],
		
["20230213", 63600, 64200, 62900, 63300, 77404, 3.18],
		
["20230214", 63800, 65200, 63500, 64500, 172984, 3.31],
		
["20230215", 64600, 64800, 62500, 62600, 128501, 3.29],
		
["20230216", 62800, 64000, 62800, 63400, 98149, 3.38],
		
["20230217", 62700, 64200, 62300, 62800, 84837, 3.42],
		
["20230220", 63000, 63700, 62100, 63500, 63539, 3.45],
		
["20230221", 63600, 65100, 63500, 64100, 111478, 3.53],
		
["20230222", 63500, 63900, 62700, 63100, 85445, 3.53],
		
["20230223", 63100, 64500, 62500, 64100, 90348, 3.6],
		
["20230224", 64300, 65500, 63700, 64000, 163480, 3.58],
		
["20230227", 63200, 64000, 62900, 63500, 64183, 3.6],
		
["20230228", 63600, 64300, 63200, 63200, 65154, 3.62],
		
["20230302", 63200, 64600, 63100, 64100, 94770, 3.71],
		
["20230303", 64400, 65300, 63800, 64900, 113415, 3.78],
		
["20230306", 64700, 66000, 64100, 65800, 185334, 3.85],
		
["20230307", 65800, 67000, 64100, 64400, 139784, 3.75],
		
["20230308", 63600, 69400, 63400, 68500, 716330, 3.84],
		
["20230309", 70700, 79900, 69500, 72700, 2750543, 3.5],
		
["20230310", 71900, 76000, 70800, 71300, 648837, 3.48],
		
["20230313", 71000, 72300, 68600, 70700, 347137, 3.56],
		
["20230314", 70100, 71400, 66800, 67100, 327389, 3.67],
		
["20230315", 68900, 73500, 68700, 72400, 418875, 3.75],
		
["20230316", 71900, 73300, 71000, 72900, 284977, 3.73],
		
["20230317", 73600, 73700, 71000, 72500, 203947, 3.75],
		
["20230320", 71200, 75600, 71200, 74600, 322194, 3.71],
		
["20230321", 75000, 75100, 72900, 74300, 173321, 3.51],
		
["20230322", 74300, 74700, 71200, 71800, 252321, 3.43],
		
["20230323", 70800, 72000, 70100, 70900, 143903, 3.47],
		
["20230324", 71000, 73800, 70700, 73400, 239199, 3.49],
		
["20230327", 73000, 73500, 70800, 71000, 141665, 3.41],
		
["20230328", 71400, 73000, 70300, 73000, 178903, 3.37],
		
["20230329", 72900, 75000, 72000, 74600, 206133, 3.5],
		
["20230330", 74700, 75500, 72600, 72800, 259845, 3.42],
		
["20230331", 72900, 76000, 72000, 75000, 485320, 3.52],
		
["20230403", 75000, 75800, 73500, 73900, 201050, 3.42],
		
["20230404", 74000, 75800, 73900, 75100, 214971, 3.44],
		
["20230405", 74000, 74500, 70900, 72000, 342277, 3.3],
		
["20230406", 72000, 73000, 69800, 70100, 316511, 3.15],
		
["20230407", 70600, 70600, 69100, 69200, 143227, 3.18],
		
["20230410", 69100, 69800, 67500, 68900, 171532, 3.17],
		
["20230411", 68900, 71600, 68400, 71000, 187874, 3.19],
		
["20230412", 71400, 73900, 70900, 72600, 234941, 3.32],
		
["20230413", 73000, 73100, 71400, 72900, 120939, 3.31],
		
["20230414", 73100, 75400, 72700, 73500, 231950, 3.47],
		
["20230417", 76300, 84500, 75800, 84200, 1950068, 4.09],
		
["20230418", 84300, 84300, 78000, 78100, 752991, 3.83],
		
["20230419", 78300, 79700, 77000, 77000, 292004, 3.77],
		
["20230420", 78200, 81500, 76600, 77900, 580841, 3.59],
		
["20230421", 78500, 81000, 77600, 80000, 426559, 3.59],
		
["20230424", 80400, 80800, 75000, 77700, 292065, 3.53],
		
["20230425", 80300, 82500, 77200, 78600, 535499, 3.42],
		
["20230426", 77700, 78500, 72700, 73500, 379803, 3.3],
		
["20230427", 71700, 72800, 70000, 71500, 303993, 3.39],
		
["20230428", 71800, 72700, 69300, 70300, 257054, 3.49],
		
["20230502", 68400, 68900, 65900, 67800, 343377, 3.58],
		
["20230503", 67500, 67500, 66100, 66700, 148026, 3.59],
		
["20230504", 67400, 68700, 66500, 66700, 197682, 3.55],
		
["20230508", 66900, 68000, 66200, 67000, 96867, 3.6],
		
["20230509", 67100, 67500, 65500, 67400, 98540, 3.58],
		
["20230510", 67700, 68400, 66600, 67800, 115231, 3.51],
		
["20230511", 68000, 68400, 66900, 67100, 122127, 3.46],
		
["20230512", 67900, 68000, 65600, 66700, 119113, 3.4],
		
["20230515", 65800, 67300, 65700, 67200, 78314, 3.42],
		
["20230516", 68000, 68900, 67300, 67500, 117645, 3.42],
		
["20230517", 67500, 68800, 66500, 66900, 108367, 3.42],
		
["20230518", 67000, 67800, 66500, 67500, 101478, 3.48],
		
["20230519", 67700, 68900, 67400, 68500, 119836, 3.51],
		
["20230522", 68600, 70600, 68200, 69900, 129573, 3.42],
		
["20230523", 70500, 70500, 69100, 69600, 80536, 3.42],
		
["20230524", 69500, 69800, 68700, 68700, 48989, 3.43],
		
["20230525", 68400, 68700, 67500, 68300, 77804, 3.51],
		
["20230526", 67900, 68000, 66700, 66800, 94277, 3.48],
		
["20230530", 67200, 67400, 66000, 66900, 66464, 3.48],
		
["20230531", 66900, 67700, 66600, 66800, 53466, 3.5],
		
["20230601", 67400, 68300, 67000, 67700, 89590, 3.55],
		
["20230602", 68200, 68400, 67500, 67900, 55770, 3.52],
		
["20230605", 68100, 70900, 68100, 70700, 148211, 3.6],
		
["20230607", 70800, 71400, 69900, 70300, 92225, 3.48],
		
["20230608", 70200, 72400, 69800, 71500, 167209, 3.49],
		
["20230609", 72600, 74400, 71400, 73300, 265119, 3.5],
		
["20230612", 73500, 73700, 69300, 70800, 195894, 3.41],
		
["20230613", 71300, 72500, 70700, 72200, 120589, 3.48],
		
["20230614", 72000, 72200, 69500, 70200, 103924, 3.4],
		
["20230615", 70400, 71200, 69400, 69700, 83336, 3.42],
		
["20230616", 70400, 73000, 70000, 72600, 125774, 3.57],
		
["20230619", 73000, 74400, 72400, 73400, 161910, 3.6],
		
["20230620", 73000, 77300, 72900, 75800, 478550, 3.65],
		
["20230621", 76500, 76800, 72500, 72700, 206691, 3.63],
		
["20230622", 72400, 72600, 70700, 71200, 128957, 3.75],
		
["20230623", 72000, 72000, 70700, 71000, 59913, 3.75],
		
["20230626", 71400, 71800, 70100, 70700, 54323, 3.71],
		
["20230627", 70500, 72100, 70300, 70900, 66120, 3.71],
		
["20230628", 71800, 71900, 69300, 69500, 96325, 3.7],
		
["20230629", 69700, 70100, 68500, 68500, 61270, 3.69],
		
["20230630", 68500, 70200, 68500, 69500, 61682, 3.68],
		
["20230703", 70400, 70900, 69200, 69900, 95248, 3.78],
		
["20230704", 69500, 69700, 68000, 69000, 101867, 3.76],
		
["20230705", 69200, 69700, 68200, 68700, 75013, 3.79],
		
["20230706", 69100, 69600, 67600, 67800, 98963, 3.79],
		
["20230707", 68400, 72200, 68000, 71500, 237648, 3.85],
		
["20230710", 71700, 73100, 71100, 72300, 207611, 3.84],
		
["20230711", 74300, 81700, 74300, 78000, 1242787, 4.14],
		
["20230712", 78000, 78400, 75600, 76000, 278410, 4.25],
		
["20230713", 76700, 81900, 75500, 81000, 564962, 4.35],
		
["20230714", 78400, 78600, 73300, 74500, 590008, 3.99],
		
["20230717", 74400, 74500, 72400, 72800, 239171, 4.03],
		
["20230718", 73300, 74700, 72100, 72700, 174853, 4.02],
		
["20230719", 73400, 74500, 72600, 72600, 130508, 4.03],
		
["20230720", 72700, 73600, 71900, 73200, 88713, 4.05],
		
["20230721", 72800, 73900, 72200, 73100, 85374, 4.06],
		
["20230724", 73400, 73700, 71000, 71700, 154106, 4.17],
		
["20230725", 72000, 73700, 71500, 72800, 158000, 4.3],
		
["20230726", 73000, 73400, 69400, 70300, 256215, 4.29],
		
["20230727", 70300, 71900, 70300, 70900, 121099, 4.27],
		
["20230728", 71100, 74800, 69900, 73900, 181364, 4.42],
		
["20230731", 74500, 76300, 73100, 75600, 206796, 4.53],
		
["20230801", 75400, 76400, 74100, 74800, 112505, 4.49],
		
["20230802", 74600, 79300, 74600, 75600, 439897, 4.6],
		
["20230803", 76400, 76400, 71500, 72200, 224472, 4.44],
		
["20230804", 72500, 73500, 71500, 72200, 68865, 4.43],
		
["20230807", 73500, 76500, 72100, 72700, 326836, 4.45],
		
["20230808", 73200, 73900, 70000, 70300, 256534, 4.27],
		
["20230809", 70400, 72300, 69500, 71700, 124236, 4.27],
		
["20230810", 71300, 71500, 69700, 70000, 157180, 4.22],
		
["20230811", 70600, 71300, 69600, 71000, 85542, 4.23],
		
["20230814", 70900, 71000, 68700, 69100, 141576, 4.07],
		
["20230816", 69100, 69100, 66600, 66800, 137325, 4.02],
		
["20230817", 66300, 66800, 65900, 66700, 107234, 3.98],
		
["20230818", 66100, 66600, 65400, 65700, 87280, 3.98],
		
["20230821", 65900, 66600, 65700, 66100, 50463, 3.97],
		
["20230822", 66500, 67000, 64800, 66200, 137306, 4.01],
		
["20230823", 65800, 68800, 65800, 66700, 113691, 4.02],
		
["20230824", 68900, 69000, 66600, 68200, 133845, 4.01],
		
["20230825", 67100, 69100, 67100, 68500, 87785, 3.95],
		
["20230828", 69200, 71500, 68900, 70300, 218165, 4.04],
		
["20230829", 70800, 72500, 69600, 72100, 165548, 4.16],
		
["20230830", 72500, 72700, 71400, 72400, 110718, 4.18],
		
["20230831", 70400, 71100, 65000, 66200, 933308, 3.76],
		
["20230901", 67000, 67200, 64400, 64800, 372633, 3.54],
		
["20230904", 64900, 65200, 63600, 64700, 155718, 3.46],
		
["20230905", 65000, 65100, 63500, 64000, 177736, 3.42],
		
["20230906", 63500, 64300, 62900, 63200, 146910, 3.36],
		
["20230907", 62600, 63500, 62400, 62600, 112556, 3.37],
		
["20230908", 63500, 64300, 62900, 63200, 128264, 3.38],
		
["20230911", 63700, 64600, 63100, 63400, 143978, 3.4],
		
["20230912", 63800, 63800, 62100, 62500, 116457, 3.42],
		
["20230913", 62400, 62800, 60600, 61600, 162628, 3.51],
		
["20230914", 61800, 67800, 61700, 67800, 289274, 3.63],
		
["20230915", 65000, 65000, 62300, 62500, 309118, 3.33],
		
["20230918", 63000, 63200, 62100, 62600, 118548, 3.51],
		
["20230919", 68000, 68000, 64000, 65700, 837312, 3.64],
		
["20230920", 65800, 65900, 63000, 63200, 253107, 3.61],
		
["20230921", 63000, 65000, 62700, 63000, 162178, 3.63],
		
["20230922", 62900, 64200, 62500, 63600, 123772, 3.62],
		
["20230925", 63600, 64500, 63000, 64000, 113511, 3.63],
		
["20230926", 63600, 64200, 62700, 62900, 89607, 3.57],
		
["20230927", 62700, 64400, 62100, 64300, 86424, 3.59],
		
["20231004", 63800, 64600, 62700, 63000, 84726, 3.55],
		
["20231005", 63000, 64000, 62000, 62600, 85595, 3.57],
		
["20231006", 62200, 63100, 62200, 62900, 41489, 3.62],
		
["20231010", 63500, 64700, 62400, 62800, 99010, 3.71],
		
["20231011", 63200, 64600, 63100, 64300, 118642, 3.78],
		
["20231012", 64500, 65800, 64000, 65600, 141187, 3.82],
		
["20231013", 66500, 66500, 63500, 64300, 203104, 3.7],
		
["20231016", 64100, 65300, 63300, 63700, 85136, 3.69],
		
["20231017", 63600, 64900, 62500, 62600, 125935, 3.62],
		
["20231018", 61700, 62600, 60600, 61000, 122345, 3.65],
		
["20231019", 60000, 60400, 56600, 56700, 230377, 3.59],
		
["20231020", 56000, 56500, 54200, 54700, 283294, 3.85],
		
["20231023", 54000, 56900, 54000, 56000, 127532, 3.93],
		
["20231024", 56200, 56400, 53300, 56100, 102506, 3.87],
		
["20231025", 56200, 56300, 55100, 55500, 63020, 3.91],
		
["20231026", 54300, 55400, 53300, 53900, 118113, 3.99],
		
["20231027", 53900, 54400, 52000, 52500, 128386, 4.1],
		
["20231030", 52200, 53700, 52000, 53400, 75032, 4.12],
		
["20231031", 53900, 54200, 52100, 52300, 71530, 4.06],
		
["20231101", 52300, 53500, 52300, 53000, 47073, 4.07],
		
["20231102", 53700, 54000, 53100, 53500, 71159, 4.08],
		
["20231103", 54100, 54800, 53100, 54400, 63723, 4.09],
		
["20231106", 55300, 57200, 55200, 57200, 114800, 4.15],
		
["20231107", 56700, 57100, 55600, 56500, 77271, 4.09],
		
["20231108", 56500, 57200, 55800, 55800, 69794, 4.12],
		
["20231109", 56200, 56200, 54700, 55300, 59913, 4.1],
		
["20231110", 54500, 55300, 53600, 54000, 54099, 4.09],
		
["20231113", 54500, 55100, 53100, 53700, 117419, 4.27],
		
["20231114", 54300, 55300, 54300, 55300, 66164, 4.34],
		
["20231115", 56100, 56700, 55600, 56500, 66947, 4.36],
		
["20231116", 57100, 57400, 56100, 56900, 58360, 4.29],
		
["20231117", 57400, 57500, 56300, 56900, 52309, 4.31],
		
["20231120", 57000, 58400, 56600, 57600, 71025, 4.32],
		
["20231121", 57300, 58300, 57000, 57600, 51552, 4.39],
		
["20231122", 58300, 58300, 57300, 57800, 49937, 4.42],
		
["20231123", 58600, 59500, 58300, 58600, 74066, 4.42],
		
["20231124", 58900, 60200, 58800, 59500, 71662, 4.53],
		
["20231127", 59500, 61200, 59200, 60600, 92858, 4.55],
		
["20231128", 61400, 61600, 59700, 60400, 75274, 4.54],
		
["20231129", 60000, 60300, 59400, 59500, 54861, 4.56],
		
["20231130", 59800, 61400, 59700, 61200, 73205, 4.65],
		
["20231201", 61300, 61800, 60700, 61100, 45636, 4.72],
		
["20231204", 62000, 63400, 61400, 63100, 115097, 4.81],
		
["20231205", 63500, 63500, 61900, 63100, 83606, 4.74],
		
["20231206", 64300, 65200, 63600, 63800, 131947, 4.79],
		
["20231207", 63200, 64800, 62600, 64600, 68143, 4.85],
		
["20231208", 65400, 65400, 63700, 63900, 57480, 4.83],
		
["20231211", 63900, 63900, 62000, 63600, 77767, 4.97],
		
["20231212", 64200, 64800, 63900, 64200, 61369, 5.04],
		
["20231213", 64200, 64300, 63300, 63300, 44966, 5.05],
		
["20231214", 64100, 64700, 63300, 64700, 94972, 5.1],
		
["20231215", 65000, 65500, 64500, 64600, 95978, 5.17],
		
["20231218", 64200, 64700, 63600, 63800, 76933, 5.24],
		
["20231219", 64100, 64300, 63200, 63200, 43521, 5.28],
		
["20231220", 63700, 65000, 62300, 63500, 102928, 5.35],
		
["20231221", 63900, 63900, 62300, 62800, 83003, 5.39],
		
["20231222", 63400, 63500, 62400, 62500, 46771, 5.41],
		
["20231226", 62900, 63100, 61500, 61700, 75805, 5.63],
		
["20231227", 61700, 62500, 60800, 62200, 70325, 5.7],
		
["20231228", 62200, 62800, 61700, 62100, 51427, 5.69],
		
["20240102", 61800, 64500, 61600, 64000, 102453, 5.69],
		
["20240103", 63200, 64700, 63000, 63600, 69674, 5.68],
		
["20240104", 63000, 64100, 61900, 61900, 82157, 5.68],
		
["20240105", 62000, 66900, 61800, 65300, 279268, 5.92],
		
["20240108", 65200, 65700, 63100, 64800, 100706, 5.91],
		
["20240109", 65800, 67600, 65100, 66800, 156885, 6.0],
		
["20240110", 66800, 67000, 65200, 66000, 54082, 6.01],
		
["20240111", 66500, 66600, 65700, 65700, 53155, 5.99],
		
["20240112", 65400, 67400, 65300, 67000, 87838, 6.02],
		
["20240115", 67500, 68100, 66500, 67400, 75800, 6.01],
		
["20240116", 67500, 69600, 65900, 69200, 202127, 6.11],
		
["20240117", 68600, 69000, 67100, 68300, 123525, 6.12],
		
["20240118", 68500, 71100, 68500, 69700, 258115, 6.21],
		
["20240119", 71000, 71000, 69000, 70200, 127659, 6.2],
		
["20240122", 70200, 70500, 67900, 69200, 146103, 6.27],
		
["20240123", 68900, 69200, 67300, 67800, 107173, 6.34],
		
["20240124", 67700, 68100, 66000, 66200, 908539, 8.5],
		
["20240125", 66500, 68700, 66200, 68600, 152325, 8.52],
		
["20240126", 68900, 70400, 68100, 69700, 197237, 8.5],
		
["20240129", 69800, 70700, 68000, 69300, 216299, 8.42],
		
["20240130", 69300, 69700, 65000, 65200, 245210, 8.34],
		
["20240131", 64700, 66400, 64000, 65600, 348091, 8.38],
		
["20240201", 65500, 66200, 63700, 64400, 186258, 8.32],
		
["20240202", 65000, 67200, 64800, 66500, 182809, 8.34],
		
["20240205", 66200, 66500, 65000, 65400, 83305, 8.35],
		
["20240206", 65100, 66600, 64600, 66100, 75487, 8.35],
		
["20240207", 66600, 67700, 65700, 66100, 48120, 8.33],
		
["20240208", 66600, 67000, 65800, 66000, 59575, 8.34],
		
["20240213", 66100, 68100, 66100, 68100, 127433, 8.33],
		
["20240214", 67300, 67900, 66800, 67400, 81790, 8.33],
		
["20240215", 68200, 69200, 67900, 68600, 132114, 8.28],
		
["20240216", 68600, 68800, 66900, 67300, 125511, 8.22],
		
["20240219", 67400, 70700, 67400, 69800, 264785, 8.29],
		
["20240220", 70300, 70300, 67700, 68700, 132895, 8.25],
		
["20240221", 68800, 72000, 68700, 71500, 929445, 9.54],
		
["20240222", 70500, 72800, 69800, 71100, 256772, 9.5],
		
["20240223", 72800, 73300, 71000, 72200, 271463, 9.36],
		
["20240226", 72600, 73100, 71300, 71300, 145792, 9.34],
		
["20240227", 71500, 72500, 70400, 70800, 121004, 9.34],
		
["20240228", 70900, 71700, 70200, 71100, 104901, 9.38],
		
["20240229", 70700, 71700, 69100, 70900, 106745, 9.4],
		
["20240304", 71400, 71600, 69500, 69900, 136847, 9.43],
		
["20240305", 69900, 70400, 69000, 69200, 90786, 9.4],
		
["20240306", 68700, 71200, 68600, 69600, 96629, 9.38],
		
["20240307", 69600, 70600, 69000, 69800, 104075, 9.3],
		
["20240308", 70000, 70500, 68800, 70300, 96791, 9.27],
		
["20240311", 70300, 76800, 70000, 71800, 831772, 9.13],
		
["20240312", 72400, 73200, 70800, 73000, 273852, 8.89],
		
["20240313", 73200, 75200, 71800, 72200, 340703, 8.8],
		
["20240314", 72800, 74800, 72300, 73000, 421250, 8.6],
		
["20240315", 73100, 73700, 68500, 68900, 433513, 8.11],
		
["20240318", 69000, 69300, 68000, 68500, 161709, 7.99],
		
["20240319", 69900, 70600, 66800, 67000, 262336, 7.76],
		
["20240320", 67200, 68200, 66500, 67300, 137646, 7.7],
		
["20240321", 67300, 68400, 66800, 68100, 156249, 7.67],
		
["20240322", 68100, 68300, 67000, 67300, 102522, 7.63],
		
["20240325", 67100, 67300, 65000, 65300, 198504, 7.56],
		
["20240326", 65700, 66000, 64500, 64700, 154377, 7.54],
		
["20240327", 64500, 66000, 63900, 65600, 167695, 7.55],
		
["20240328", 66000, 67100, 66000, 66300, 136713, 7.49],
		
["20240329", 66400, 66700, 65200, 65200, 96087, 7.4],
		
["20240401", 65600, 66500, 65300, 66000, 50224, 7.4],
		
["20240402", 66000, 66100, 64700, 65300, 81539, 7.35],
		
["20240403", 65200, 66000, 65200, 65500, 63153, 7.39],
		
["20240404", 66000, 66600, 65000, 65600, 86179, 7.35],
		
["20240405", 64800, 67000, 64800, 66500, 111253, 7.35],
		
["20240408", 66500, 66700, 65500, 65900, 72736, 7.36],
		
["20240409", 65800, 66400, 64200, 64200, 105054, 7.26],
		
["20240411", 62300, 62700, 57800, 58500, 438393, 7.2],
		
["20240412", 58500, 59300, 58000, 58800, 120502, 7.25],
		
["20240415", 58000, 58800, 57600, 58300, 92405, 7.25],
		
["20240416", 57700, 58400, 56300, 56500, 123666, 7.2],
		
["20240417", 56500, 57300, 54100, 54400, 196246, 7.27],
		
["20240418", 54500, 57200, 54500, 56500, 121132, 7.33],
		
["20240419", 56000, 56500, 53800, 54800, 156570, 7.32],
		
["20240422", 55700, 59800, 55700, 59200, 205292, 7.3],
		
["20240423", 59000, 59200, 58100, 58400, 95374, 7.26],
		
["20240424", 59100, 60300, 58800, 59800, 94757, 7.23],
		
["20240425", 59000, 61400, 58600, 60400, 111010, 7.21],
		
["20240426", 61100, 61500, 59500, 61400, 79967, 7.16],
		
["20240429", 61900, 66300, 61800, 65400, 299528, 7.33],
		
["20240430", 65500, 66100, 64200, 65700, 151071, 7.31],
		
["20240502", 65500, 66200, 64200, 65800, 149658, 7.26],
		
["20240503", 66200, 66300, 64100, 64600, 124625, 7.24],
		
["20240507", 64900, 66300, 64600, 66100, 165987, 7.27],
		
["20240508", 66300, 68200, 65700, 66500, 152714, 7.32],
		
["20240509", 66500, 68300, 66500, 67000, 187533, 7.37],
		
["20240510", 68000, 68100, 66300, 66700, 102230, 7.34],
		
["20240513", 68000, 68500, 66600, 68100, 177680, 7.42],
		
["20240514", 68700, 68700, 67500, 68100, 96637, 7.38],
		
["20240516", 69000, 69500, 68300, 69300, 155803, 7.44],
		
["20240517", 69200, 69700, 68400, 68700, 86159, 7.41],
		
["20240520", 69200, 69400, 68100, 69000, 98845, 7.41],
		
["20240521", 69200, 69200, 68400, 69200, 99091, 7.43],
		
["20240522", 69300, 72900, 68500, 71700, 453847, 7.7],
		
["20240523", 73200, 73200, 71100, 71100, 193012, 7.56],
		
["20240524", 70300, 71000, 69100, 70200, 132805, 7.56],
		
["20240527", 72200, 74200, 71300, 71800, 674144, 7.44],
		
["20240528", 73500, 73500, 70200, 72700, 348048, 7.46],
		
["20240529", 73000, 73200, 70100, 70500, 244741, 7.41],
		
["20240530", 69400, 69900, 68100, 68600, 166954, 7.47],
		
["20240531", 68500, 70200, 68200, 69900, 146719, 7.52],
		
["20240603", 70500, 70600, 69000, 69900, 94917, 7.53],
		
["20240604", 69100, 69200, 67000, 67400, 155254, 7.6],
		
["20240605", 67400, 67900, 66700, 67800, 68739, 7.58],
		
["20240607", 67700, 69200, 67500, 68100, 90826, 7.63],
		
["20240610", 68100, 70600, 68100, 69700, 105312, 7.66],
		
["20240611", 70300, 70800, 68300, 68400, 94206, 7.64],
		
["20240612", 68900, 69700, 68700, 69600, 58799, 7.66],
		
["20240613", 69600, 70300, 68800, 70300, 221035, 7.44],
		
["20240614", 70300, 71000, 69200, 70000, 133437, 7.43],
		
["20240617", 70200, 70400, 68800, 69000, 70540, 7.43],
		
["20240618", 69500, 69500, 68400, 68700, 62957, 7.45],
		
["20240619", 68800, 71600, 68700, 70300, 198137, 7.57],
		
["20240620", 70900, 72000, 69900, 70700, 194548, 7.55],
		
["20240621", 71000, 72200, 70300, 71200, 241056, 7.61],
		
["20240624", 71400, 71700, 69900, 70600, 139996, 7.53],
		
["20240625", 71200, 71400, 69300, 70300, 89506, 7.55],
		
["20240626", 70300, 70500, 68400, 68700, 144488, 7.51],
		
["20240627", 68100, 68600, 66600, 67400, 113096, 7.54],
		
["20240628", 67400, 68600, 66800, 68600, 78990, 7.54],
		
["20240701", 68600, 68900, 67900, 68200, 56504, 7.53],
		
["20240702", 67600, 67900, 65300, 65500, 153274, 7.43],
		
["20240703", 66100, 68300, 66100, 66800, 90907, 7.48],
		
["20240704", 66400, 67400, 66100, 67000, 65145, 7.46],
		
["20240705", 67600, 69000, 67100, 67800, 126389, 7.5],
		
["20240708", 69200, 72900, 68500, 71900, 481196, 7.92],
		
["20240709", 73400, 77500, 70800, 74000, 1268050, 7.96],
		
["20240710", 75000, 75100, 71200, 72600, 610606, 7.8],
		
["20240711", 72500, 72900, 69800, 70500, 632439, 8.12],
		
["20240712", 69800, 74900, 69700, 74500, 1077855, 8.66],
		
["20240715", 76400, 81800, 75300, 80200, 2931065, 8.33],
		
["20240716", 78500, 80700, 75000, 78000, 1412621, 8.35],
		
["20240717", 76700, 80300, 75600, 76600, 1408423, 8.16],
		
["20240718", 95000, 98100, 80700, 82000, 5851892, 7.75],
		
["20240719", 82800, 83200, 73100, 73400, 1899319, 7.55],
		
["20240722", 73100, 75300, 71300, 74400, 1023428, 7.68],
		
["20240723", 73400, 74300, 71600, 72100, 629773, 7.76],
		
["20240724", 71500, 74100, 71300, 72900, 373834, 7.76],
		
["20240725", 71500, 73000, 70700, 71300, 336324, 7.75],
		
["20240726", 71200, 75400, 71200, 74800, 522783, 7.93],
		
["20240729", 75100, 75200, 73600, 74800, 225564, 7.93],
		
["20240730", 74400, 75600, 72400, 74500, 289889, 7.95],
		
["20240731", 74700, 77400, 74100, 76100, 625556, 7.97],
		
["20240801", 76800, 77000, 75400, 75500, 221400, 7.87],
		
["20240802", 74200, 74200, 71100, 71600, 396101, 7.72],
		
["20240805", 69800, 70200, 61600, 63300, 506789, 7.82],
		
["20240806", 64000, 67900, 63600, 66000, 365554, 7.86],
		
["20240807", 65500, 67800, 65300, 67200, 182057, 7.9],
		
["20240808", 66900, 69700, 66400, 68200, 310706, 7.83],
		
["20240809", 69200, 69400, 67700, 68100, 161889, 7.82],
		
["20240812", 68800, 70700, 68200, 70500, 151922, 7.93],
		
["20240813", 70900, 71500, 69500, 69900, 148694, 7.91],
		
["20240814", 70600, 70700, 69300, 70500, 124966, 7.9],
		
["20240816", 70900, 71100, 70100, 70100, 148052, 7.91],
		
["20240819", 70500, 70500, 68900, 69400, 140857, 7.9],
		
["20240820", 69900, 70600, 69800, 69900, 90683, 7.97],
		
["20240821", 70100, 72800, 69600, 72300, 195367, 8.11],
		
["20240822", 72500, 73000, 69300, 70100, 211441, 7.94],
		
["20240823", 69500, 70900, 69400, 70400, 102216, 7.97],
		
["20240826", 70400, 70500, 66700, 67200, 417354, 7.86],
		
["20240827", 65800, 68000, 65000, 67700, 225725, 7.97],
		
["20240828", 68000, 69100, 66800, 67700, 172229, 7.93],
		
["20240829", 67500, 67900, 65700, 65900, 170876, 7.82],
		
["20240830", 66900, 68100, 66800, 67100, 140392, 7.82],
		
["20240902", 68000, 68000, 66500, 67200, 97551, 7.77],
		
["20240903", 67800, 68100, 67100, 67200, 109114, 7.74],
		
["20240904", 65800, 68100, 64800, 66300, 451302, 7.6],
		
["20240905", 65900, 67000, 64300, 64500, 212727, 7.58],
		
["20240906", 64600, 64900, 63300, 63600, 154624, 7.65],
		
["20240909", 62700, 65400, 62500, 65300, 121565, 7.77],
		
["20240910", 65500, 66200, 64900, 65300, 83529, 7.79],
		
["20240911", 65700, 66000, 64600, 65500, 61304, 7.79],
		
["20240912", 66000, 69500, 66000, 69200, 294598, 8.05],
		
["20240913", 70300, 71400, 68900, 71300, 340503, 8.05],
		
["20240919", 71900, 73000, 71200, 72800, 262189, 8.12],
		
["20240920", 72200, 72600, 67700, 68400, 511005, 8.02],
		
["20240923", 69200, 70500, 67800, 68000, 193653, 7.97],
		
["20240924", 67900, 68700, 67100, 68100, 147977, 7.99],
		
["20240925", 68700, 69600, 67900, 67900, 111377, 7.97],
		
["20240926", 68000, 69800, 68000, 69400, 138468, 8.03],
		
["20240927", 69700, 69800, 67200, 67300, 154015, 7.94],
		
["20240930", 67900, 68300, 66900, 66900, 88257, 7.92],
		
["20241002", 66000, 66400, 64300, 64400, 145111, 7.89],
		
["20241004", 65000, 65800, 64600, 65000, 83370, 7.91],
		
["20241007", 65200, 67400, 64500, 66800, 127874, 7.9],
		
["20241008", 66300, 67500, 66000, 66200, 78821, 7.88],
		
["20241010", 66800, 67000, 65700, 65700, 79548, 7.89],
		
["20241011", 66300, 66700, 65000, 65400, 48297, 7.88],
		
["20241014", 65400, 66000, 65200, 65600, 46513, 7.89],
		
["20241015", 66100, 67200, 65900, 66500, 112462, 7.92],
		
["20241016", 66300, 68000, 66000, 67000, 104938, 7.93],
		
["20241017", 70100, 70300, 68700, 69300, 459206, 8.03],
		
["20241018", 69000, 69800, 68000, 68400, 131358, 8.04],
		
["20241021", 70200, 73300, 69800, 72000, 650442, 8.2],
		
["20241022", 71600, 72800, 70900, 71800, 319143, 8.11],
		
["20241023", 71800, 72600, 70000, 70600, 169429, 8.14],
		
["20241024", 70500, 71400, 70000, 70600, 122190, 8.2],
		
["20241025", 70200, 71300, 69400, 69800, 134766, 8.25],
		
["20241028", 70300, 72000, 69600, 71600, 189511, 8.28],
		
["20241029", 72600, 73500, 71000, 72000, 243038, 8.33],
		
["20241030", 72500, 72500, 70900, 71200, 138577, 8.36],
		
["20241031", 68000, 69800, 66000, 68800, 344602, 8.35],
		
["20241101", 69700, 70500, 67200, 67400, 162250, 8.29],
		
["20241104", 67500, 68300, 66100, 67500, 138245, 8.33],
		
["20241105", 67500, 68500, 67200, 68100, 93708, 8.39],
		
["20241106", 68400, 71300, 68100, 70700, 238220, 8.5],
		
["20241107", 70900, 71500, 69800, 71000, 179536, 8.49],
		
["20241108", 71000, 71100, 68700, 69700, 187339, 8.4],
		
["20241111", 69700, 70900, 69300, 69700, 158577, 8.44],
		
["20241112", 69900, 70500, 67800, 68100, 171544, 8.42],
		
["20241113", 68000, 69900, 66000, 67100, 178911, 8.44],
		
["20241114", 67100, 69300, 67100, 68700, 183089, 8.49],
		
["20241115", 68200, 69400, 66600, 67200, 117801, 8.41],
		
["20241118", 66800, 68500, 66700, 68200, 103758, 8.49],
		
["20241119", 68800, 70700, 68500, 70300, 175967, 8.62],
		
["20241120", 70000, 70400, 69600, 69800, 67966, 8.64],
		
["20241121", 70200, 70600, 68700, 68800, 107145, 8.62],
		
["20241122", 69000, 71500, 69000, 71200, 222773, 8.85],
		
["20241125", 71500, 71900, 70800, 71700, 112865, 8.88],
		
["20241126", 71300, 71900, 70500, 71700, 109094, 8.93],
		
["20241127", 71500, 72100, 69900, 70100, 150952, 8.89],
		
["20241128", 70300, 71100, 70000, 70000, 71063, 8.9],
		
["20241129", 70500, 70500, 67600, 68000, 157879, 8.84],
		
["20241202", 68600, 69000, 67300, 67500, 77474, 8.83],
		
["20241203", 68000, 68900, 67600, 68500, 79876, 8.88],
		
["20241204", 66200, 67400, 57400, 57700, 1033278, 8.86],
		
["20241205", 58800, 59700, 57100, 57400, 274423, 8.87],
		
["20241206", 57600, 58100, 52900, 53300, 549493, 9.18],
		
["20241209", 52100, 52500, 49900, 49950, 326331, 9.3],
		
["20241210", 50000, 51000, 49250, 49800, 322672, 9.18],
		
["20241211", 50500, 51400, 49300, 51000, 219195, 9.21],
		
["20241212", 51600, 53000, 51100, 51300, 337647, 9.28],
		
["20241213", 51400, 52000, 50800, 51100, 145959, 9.21],
		
["20241216", 51500, 53400, 51500, 52500, 207167, 9.25],
		
["20241217", 53200, 54500, 52300, 54200, 206429, 9.16],
		
["20241218", 54300, 55500, 54000, 55500, 110078, 9.17],
		
["20241219", 54400, 54900, 53500, 54300, 105716, 9.17],
		
["20241220", 56100, 56500, 53700, 54000, 201797, 9.11],
		
["20241223", 54100, 56900, 53900, 56800, 145578, 9.28],
		
["20241224", 56800, 57000, 55800, 55900, 81019, 9.2],
		
["20241226", 56300, 56300, 54400, 54500, 89519, 9.18],
		
["20241227", 53800, 54400, 52700, 53500, 98670, 9.22],
		
["20241230", 53000, 54400, 52700, 53000, 95458, 9.21],
		
["20250102", 53300, 54200, 52900, 53700, 51004, 9.24],
		
["20250103", 53700, 55400, 53700, 54700, 79643, 9.29],
		
["20250106", 54900, 56100, 54900, 56100, 88456, 9.31],
		
["20250107", 56500, 57400, 56100, 56900, 86962, 9.32],
		
["20250108", 55500, 57200, 55400, 56900, 75478, 9.34],
		
["20250109", 57000, 57500, 56000, 57000, 93876, 9.37],
		
["20250110", 62500, 62500, 58100, 58900, 401260, 9.18],
		
["20250113", 59300, 60500, 58500, 60200, 184483, 9.22],
		
["20250114", 59800, 62000, 59600, 61300, 144966, 9.29],
		
["20250115", 61100, 62400, 60000, 61900, 150736, 9.35],
		
["20250116", 62800, 62800, 61400, 62300, 115286, 9.3],
		
["20250117", 64800, 65800, 63300, 64500, 460315, 9.23],
		
["20250120", 65100, 65900, 64300, 64600, 188258, 9.23],
		
["20250121", 64600, 67000, 64600, 67000, 192679, 9.37],
		
["20250122", 67600, 69100, 67200, 67900, 284324, 9.33],
		
["20250123", 68200, 69100, 67200, 68000, 160867, 9.37],
		
["20250124", 69200, 69200, 67600, 68200, 149324, 9.37],
		
["20250131", 67800, 69100, 67000, 68900, 249066, 9.51],
		
["20250203", 68300, 68300, 65500, 66500, 226903, 9.45],
		
["20250204", 67200, 70000, 66700, 69200, 232752, 9.51],
		
["20250205", 69400, 69800, 67300, 67600, 156935, 9.38],
		
["20250206", 68400, 69400, 67800, 68100, 107643, 9.41],
		
["20250207", 67100, 68000, 66200, 66800, 148467, 9.42],
		
["20250210", 67200, 67800, 66500, 66800, 76575, 9.37],
		
["20250211", 67800, 69900, 67700, 69400, 237056, 9.46],
		
["20250212", 70000, 70900, 68800, 70100, 218494, 9.59],
		
["20250213", 71000, 71000, 69500, 69800, 194273, 9.55],
		
["20250214", 70600, 75900, 69800, 72000, 760972, 9.7],
		
["20250217", 70100, 70500, 66700, 69400, 463464, 9.52],
		
["20250218", 70000, 72100, 69100, 71500, 482483, 9.78],
		
["20250219", 72100, 72200, 69700, 69900, 278838, 9.7],
		
["20250220", 69600, 69600, 67800, 68700, 216031, 9.66],
		
["20250221", 68900, 69600, 68000, 68700, 100007, 9.65],
		
["20250224", 67800, 68500, 67000, 68400, 119895, 9.66],
		
["20250225", 67700, 68200, 66600, 67400, 144277, 9.64],
		
["20250226", 66600, 67700, 66600, 67300, 114844, 9.62],
		
["20250227", 67700, 68100, 66200, 66600, 116114, 9.63],
		
["20250228", 65800, 65900, 63500, 63600, 224361, 9.65],
		
["20250304", 61300, 64700, 61100, 64100, 121983, 9.73],
		
["20250305", 64900, 66100, 64400, 65800, 74149, 9.74],
		
["20250306", 66100, 66800, 65600, 66000, 98271, 9.74],
		
["20250307", 64700, 66600, 64700, 66200, 107160, 9.76],
		
["20250310", 66000, 66500, 65100, 65500, 79389, 9.73],
		
["20250311", 64000, 64000, 62000, 62800, 152743, 9.64],
		
["20250312", 62900, 64900, 62900, 63800, 83883, 9.67],
		
["20250313", 63500, 65000, 63200, 63400, 182924, 9.75],
		
["20250314", 63800, 64500, 63200, 64000, 53076, 9.76],
		
["20250317", 64700, 64700, 61300, 61900, 209337, 9.63],
		
["20250318", 61700, 62400, 60900, 62200, 126244, 9.67],
		
["20250319", 62200, 63100, 61700, 61900, 90396, 9.66],
		
["20250320", 62200, 62400, 60800, 61000, 94762, 9.67],
		
["20250321", 60500, 62500, 60000, 61300, 121140, 9.73],
		
["20250324", 61000, 61700, 60600, 60700, 42205, 9.7],
		
["20250325", 60700, 62100, 60700, 60900, 39857, 9.72],
		
["20250326", 61200, 61700, 60300, 60300, 48598, 9.69],
		
["20250327", 60100, 60300, 58800, 59100, 65916, 9.68],
		
["20250328", 59000, 59400, 58000, 58900, 68740, 9.67],
		
["20250331", 57300, 57800, 56700, 57500, 111762, 9.73],
		
["20250401", 57700, 57800, 56700, 56900, 105077, 9.8],
		
["20250402", 57300, 58100, 56500, 57200, 71176, 9.84],
		
["20250403", 55800, 57300, 55500, 57200, 69513, 9.87],
		
["20250404", 57000, 59000, 54900, 56100, 174952, 9.96],
		
["20250407", 53500, 54700, 52200, 52400, 122035, 9.97],
		
["20250408", 53200, 54000, 51600, 51700, 91681, 10.02],
		
["20250409", 51100, 52000, 49800, 49950, 111798, 10.06],
		
["20250410", 53200, 54100, 52200, 53800, 127673, 10.09],
		
["20250411", 53600, 56000, 53100, 55600, 69843, 10.08],
		
["20250414", 55700, 56100, 55000, 55500, 73183, 10.06],
		
["20250415", 56100, 57500, 55500, 57200, 86781, 10.06],
		
["20250416", 57100, 58000, 56500, 56800, 77804, 10.04],
		
["20250417", 56400, 57600, 56400, 57300, 82007, 10.02],
		
["20250418", 58700, 64000, 58300, 62500, 329405, 10.04],
		
["20250421", 64300, 65300, 63400, 64400, 190395, 9.89],
		
["20250422", 63500, 64500, 62800, 62900, 105309, 9.88],
		
["20250423", 64000, 64000, 62700, 63100, 83440, 9.87],
		
["20250424", 63000, 64400, 62700, 63700, 85357, 9.87],
		
["20250425", 67500, 67500, 63600, 64500, 218542, 9.72],
		
["20250428", 65500, 66300, 65200, 66000, 121580, 9.76],
		
["20250429", 66100, 67400, 65500, 66700, 115071, 9.77],
		
["20250430", 67400, 68200, 66600, 68000, 153123, 9.77],
		
["20250502", 71000, 71100, 63800, 66000, 657086, 9.38],
		
["20250507", 59600, 64500, 59500, 63500, 335057, 9.64],
		
["20250508", 63400, 63800, 61400, 62600, 212126, 9.69],
		
["20250509", 62700, 63000, 60800, 61300, 137570, 9.65],
		
["20250512", 62500, 63500, 61300, 61600, 189527, 9.57],
		
["20250513", 61700, 62000, 61100, 61300, 90735, 9.6],
		
["20250514", 62100, 62600, 61300, 61700, 134595, 9.55],
		
["20250515", 61300, 61600, 59500, 60100, 111721, 9.55],
		
["20250516", 60600, 65900, 60100, 65100, 492108, 9.8],
		
["20250519", 66200, 66200, 62200, 62700, 251804, 9.55],
		
["20250520", 63400, 65200, 62800, 63000, 179731, 9.45],
		
["20250521", 63900, 64000, 61700, 62100, 172639, 9.44],
		
["20250522", 61500, 61700, 60700, 61000, 144082, 9.46],
		
["20250523", 63300, 65700, 62500, 64600, 587171, 9.98],
		
["20250526", 66900, 66900, 63000, 64700, 495550, 9.65],
		
["20250527", 63900, 66800, 63200, 65200, 407660, 9.84],
		
["20250528", 66100, 66600, 61600, 61700, 495905, 9.73],
		
["20250529", 61900, 63900, 61400, 63000, 275319, 9.81],
		
["20250530", 62700, 63500, 61600, 62800, 200768, 9.67],
		
["20250602", 61800, 63700, 61800, 61900, 231805, 9.73],
		
["20250604", 61300, 62000, 58800, 61100, 401260, 9.77],
		
["20250605", 67300, 75700, 64600, 73200, 2891391, 10.32],
		
["20250609", 77400, 78800, 72200, 73400, 1490182, 10.04],
		
["20250610", 72300, 72600, 69300, 70300, 803266, 10.04],
		
["20250611", 70800, 72100, 69700, 71400, 910751, 10.04],
		
["20250612", 78000, 92800, 76400, 89700, 7718221, 10.6],
		
["20250613", 90700, 107100, 86200, 104100, 5886250, 9.88],
		
["20250616", 104300, 109800, 101300, 106500, 2648093, 8.96],
		
["20250617", 107600, 107600, 98900, 100500, 960861, 9.27],
		
["20250618", 100400, 105200, 98600, 105000, 670795, 9.55],
		
["20250619", 104300, 114000, 104300, 114000, 827910, 10.12],
		
["20250620", 117300, 117800, 107400, 111300, 2025008, 10.45],
		
["20250623", 106900, 115600, 106700, 111700, 1497987, 10.7],
		
["20250624", 112500, 119000, 108200, 115000, 1648771, 10.86],
		
["20250625", 118200, 121700, 109000, 114900, 991029, 10.84],
		
["20250626", 112100, 115500, 104500, 110700, 1127770, 11.25],
		
["20250627", 109500, 110100, 104200, 105400, 627562, 11.66],
		
["20250630", 106000, 108300, 102600, 104300, 544750, 11.94],
		
["20250701", 103100, 106200, 98500, 99400, 690958, 12.44],
		
["20250702", 99300, 99400, 92100, 95200, 918411, 12.71],
		
["20250703", 97500, 97600, 92600, 93300, 499322, 12.55],
		
["20250704", 93500, 95200, 89300, 89500, 447433, 12.59],
		
["20250707", 88400, 91100, 87400, 89500, 380827, 12.39],
		
["20250708", 91500, 93500, 89500, 91900, 504906, 11.81],
		
["20250709", 93900, 93900, 91200, 92100, 326151, 11.72],
		
["20250710", 92600, 93000, 91400, 91700, 290353, 11.77],
		
["20250711", 92100, 94300, 90000, 90900, 366523, 11.7],
		
["20250714", 89900, 91200, 87400, 88900, 318244, 11.91],
		
["20250715", 91000, 92700, 88800, 90500, 381034, 11.77],
		
["20250716", 92600, 92800, 90100, 90500, 326997, 11.52],
		
["20250717", 91500, 91500, 88500, 89500, 243372, 11.54],
		
["20250718", 89200, 90300, 87400, 88600, 237029, 11.62],
		
["20250721", 89200, 91100, 88100, 89400, 248061, 11.63],
		
["20250722", 88600, 88700, 85700, 87100, 306345, 11.64],
		
["20250723", 87200, 87800, 85000, 86700, 169435, 11.74],
		
["20250724", 88100, 88100, 85500, 85800, 216620, 11.58],
		
["20250725", 85400, 87000, 84900, 86700, 165286, 11.65],
		
["20250728", 87500, 91400, 86100, 89900, 598949, 11.65],
		
["20250729", 91800, 96000, 89700, 95100, 772444, 11.47],
		
["20250730", 94100, 94500, 91700, 93500, 385878, 11.18],
		
["20250731", 95100, 95200, 91100, 92300, 475174, 11.04],
		
["20250801", 91200, 91800, 83800, 84600, 571248, 10.91],
		
["20250804", 85000, 90600, 85000, 90000, 358157, 11.13],
		
["20250805", 91600, 91600, 89000, 90100, 187583, 11.08],
		
["20250806", 91400, 97800, 91000, 96300, 964532, 11.34],
		
["20250807", 97000, 98850, 95500, 97000, 481556, 11.17],
		
["20250808", 95600, 95900, 93700, 95700, 292949, 11.06],
		
["20250811", 96500, 101600, 96100, 99700, 668469, 11.0],
		
["20250812", 100000, 101100, 94300, 94600, 414570, 10.9],
		
["20250813", 96400, 96800, 93300, 96300, 255012, 10.87],
		
["20250814", 95700, 98100, 93500, 98100, 333840, 10.86],
		
["20250818", 97400, 98600, 96200, 98200, 227410, 10.87],
		
["20250819", 92000, 94500, 89000, 90300, 689670, 10.78],
		
["20250820", 81400, 88000, 80300, 87000, 1180911, 10.75],
		
["20250821", 88900, 103500, 88400, 100300, 2297020, 11.2],
		
["20250822", 105000, 105300, 98400, 99900, 1010079, 10.73],
		
["20250825", 101600, 101700, 98900, 101200, 707179, 10.64],
		
["20250826", 97000, 97600, 92600, 94400, 731687, 10.4],
		
["20250827", 94200, 95300, 92000, 92700, 350423, 10.35],
		
["20250828", 91100, 95500, 90800, 93800, 449885, 10.43],
		
["20250829", 94600, 94700, 91200, 92400, 241419, 10.42],
		
["20250901", 90200, 92400, 88900, 89900, 287397, 10.69],
		
["20250902", 91200, 91700, 89800, 90400, 171537, 10.59],
		
["20250903", 90400, 92000, 89700, 91000, 214511, 10.35],
		
["20250904", 92200, 96400, 91700, 93400, 411484, 10.48],
		
["20250905", 92500, 92600, 90300, 90900, 248676, 10.42],
		
["20250908", 90700, 92400, 89900, 91400, 227167, 10.63],
		
["20250909", 90900, 92800, 90800, 92400, 162946, 10.69],
		
["20250910", 92500, 93200, 91100, 92600, 174595, 10.72],
		
["20250911", 93300, 93500, 89500, 91200, 450507, 10.6],
		
["20250912", 89500, 89700, 86600, 89700, 359022, 10.55],
		
["20250915", 88600, 88800, 86300, 87500, 439157, 10.62],
		
["20250916", 88500, 90100, 88400, 90100, 319361, 10.91],
		
["20250917", 88800, 88900, 87900, 88300, 138733, 10.87],
		
["20250918", 88400, 88800, 87000, 87100, 191337, 10.83],
		
["20250919", 88200, 89000, 86500, 86500, 213753, 10.93],
		
["20250922", 88000, 89000, 86100, 86300, 204888, 10.86],
		
["20250923", 86100, 88000, 86100, 87400, 174091, 10.94],
		
["20250924", 87400, 89000, 87000, 87800, 259355, 11.05],
		
["20250925", 88300, 88400, 86100, 86800, 157272, 10.97],
		
["20250926", 86000, 86200, 84100, 85000, 151991, 10.82],
		
["20250929", 84400, 85000, 83900, 84600, 149214, 10.93],
		
["20250930", 84200, 84600, 83100, 83800, 101204, 10.98],
		
["20251001", 83700, 86800, 83700, 85000, 161111, 11.11],
		
["20251002", 85800, 86000, 84200, 85900, 196880, 11.17],
		
["20251010", 85700, 89600, 85700, 89600, 456713, 11.55],
		
["20251013", 87900, 90800, 87100, 90200, 323850, 11.73],
		
["20251014", 91300, 92200, 87400, 88600, 320048, 12.0],
		
["20251015", 89700, 99900, 88800, 96700, 1176157, 12.61],
		
["20251016", 98500, 98900, 95700, 96900, 365152, 12.62],
		
["20251017", 94000, 99600, 93500, 97700, 469448, 12.83],
		
["20251020", 99200, 101700, 95700, 96200, 382203, 12.63],
		
["20251021", 100000, 111800, 99900, 106000, 2147786, 13.43],
		
["20251022", 104300, 106100, 100700, 105900, 542385, 13.21],
		
["20251023", 102700, 108500, 100700, 104300, 598522, 13.34],
		
["20251024", 109300, 110900, 104700, 109400, 749716, 13.06],
		
["20251027", 109800, 110200, 106200, 109200, 557342, 13.07],
		
["20251028", 109100, 111300, 106200, 108900, 385702, 13.02],
		
["20251029", 116500, 117900, 108200, 112900, 1057537, 12.75],
		
["20251030", 109100, 109500, 102400, 104100, 771188, 12.85],
		
["20251031", 103300, 104500, 101400, 102200, 308238, 12.97],
		
["20251103", 101700, 103400, 101100, 101800, 233723, 13.12],
		
["20251104", 101400, 102800, 100200, 100600, 187013, 13.15],
		
["20251105", 98600, 99500, 92700, 95700, 328010, 13.2],
		
["20251106", 97400, 98300, 92900, 94300, 187108, 13.19],
		
["20251107", 90100, 93900, 89800, 91400, 175111, 13.18],
		
["20251110", 91500, 94500, 90100, 94300, 181253, 13.16],
		
["20251111", 95500, 97700, 95000, 95900, 211718, 13.22],
		
["20251112", 96600, 96700, 93500, 94600, 160074, 13.14],
		
["20251113", 94500, 97500, 93500, 95200, 255862, 13.19],
		
["20251114", 93700, 94300, 91200, 92000, 154891, 13.15],
		
["20251117", 92300, 93700, 92100, 93200, 168401, 13.32],
		
["20251118", 93000, 93800, 88000, 88600, 163737, 13.26],
		
["20251119", 90300, 90900, 86100, 89000, 156104, 13.3],
		
["20251120", 90900, 93200, 90600, 91500, 137490, 13.42],
		
["20251121", 88500, 89700, 87400, 88900, 115101, 13.47],
		
["20251124", 89700, 89800, 86600, 87300, 97613, 13.47],
		
["20251125", 89100, 90200, 87300, 89100, 99899, 13.44],
		
["20251126", 89500, 96400, 89400, 94400, 272155, 13.62],
		
["20251127", 94900, 95600, 93000, 93200, 96457, 13.62],
		
["20251128", 94100, 94200, 91400, 92000, 102365, 13.62],
		
["20251201", 92600, 92900, 88800, 89600, 133298, 13.54],
		
["20251202", 89600, 90500, 89100, 90100, 72883, 13.53],
		
["20251203", 92600, 95300, 90700, 95200, 208250, 13.59],
		
["20251204", 96900, 97000, 93900, 95100, 166934, 13.46],
		
["20251205", 96600, 100600, 95100, 100100, 460776, 13.71],
		
["20251208", 98800, 99500, 95000, 95900, 259862, 13.41],
		
["20251209", 95800, 96500, 95000, 96200, 94345, 13.32],
		
["20251210", 96100, 97500, 95700, 96200, 99094, 13.36],
		
["20251211", 97100, 102000, 96900, 101300, 556484, 13.82],
		
["20251212", 102600, 104000, 100700, 103900, 334228, 13.85],
		
["20251215", 103700, 103700, 96500, 96900, 660887, 12.92],
		
["20251216", 96400, 96400, 92300, 92800, 428152, 12.81],
		
["20251217", 94300, 94600, 91800, 92100, 187576, 12.75],
		
["20251218", 89900, 91000, 89100, 89200, 208728, 12.63],
		
["20251219", 90100, 90800, 88800, 89800, 314379, 12.6],
		
["20251222", 90800, 93500, 90800, 92700, 177590, 12.71],
		
["20251223", 93700, 94900, 91400, 91800, 168995, 12.65],
		
["20251224", 92400, 94000, 90400, 91000, 158704, 12.6],
		
["20251226", 91600, 92400, 89400, 90000, 155296, 12.48],
		
["20251229", 89300, 90800, 89000, 90300, 92514, 12.45],
		
["20251230", 90000, 91000, 89700, 90000, 136191, 12.43],
		
["20260102", 90200, 91500, 88600, 89800, 95885, 12.43],
		
["20260105", 90600, 94000, 90600, 94000, 252626, 12.66],
		
["20260106", 95500, 95900, 93400, 95800, 201738, 12.88],
		
["20260107", 94900, 96600, 94300, 95500, 168209, 12.98],
		
["20260108", 95700, 97300, 95500, 96600, 230255, 13.08],
		
["20260109", 97000, 98200, 94500, 97400, 178104, 13.06],
		
["20260112", 99600, 104800, 99000, 102500, 636447, 13.73],
		
["20260113", 102000, 107400, 101300, 106900, 500442, 14.42],
		
["20260114", 105000, 121100, 104500, 116800, 2003541, 15.41],
		
["20260115", 114600, 115400, 111400, 113400, 478796, 15.19],
		
["20260116", 114800, 129000, 114400, 126700, 2681388, 15.76],
		
["20260119", 130000, 134800, 126100, 133300, 926230, 15.88],
		
["20260120", 132000, 147800, 131500, 144700, 1873604, 15.91],
		
["20260121", 140300, 143000, 134500, 139800, 677231, 15.46],
		
["20260122", 142400, 144500, 135600, 136700, 478632, 15.51],
		
["20260123", 136500, 142900, 136400, 140400, 459044, 15.72],
		
["20260126", 138500, 139100, 132100, 134100, 527804, 15.98],
		
["20260127", 159500, 159900, 134900, 136300, 1917840, 15.01],
		
["20260128", 136100, 138800, 133000, 133900, 596972, 15.06],
		
["20260129", 134400, 143900, 134100, 138800, 942105, 15.6],
		
["20260130", 136000, 137400, 131300, 131400, 416504, 15.35],
		
["20260202", 127400, 131300, 125000, 125400, 276775, 15.53],
		
["20260203", 126800, 132200, 126100, 132100, 247989, 15.63],
		
["20260204", 140100, 154000, 136200, 148200, 2216229, 15.84],
		
["20260205", 145800, 157000, 141300, 144100, 1065188, 15.77],
		
["20260206", 147800, 150600, 141100, 146200, 782489, 15.37],
		
["20260209", 151700, 155600, 147500, 151700, 655789, 15.16],
		
["20260210", 151400, 152800, 145300, 146000, 345021, 15.12],
		
["20260211", 150300, 154800, 144100, 145000, 644960, 14.86],
		
["20260212", 144500, 147600, 138000, 147600, 418115, 15.09],
		
["20260213", 145300, 152000, 145200, 147800, 476116, 15.16],
		
["20260219", 151600, 152300, 148800, 151600, 334582, 15.18],
		
["20260220", 152200, 173500, 150900, 163300, 1478374, 15.62],
		
["20260223", 166600, 167800, 159000, 161600, 455456, 15.4],
		
["20260224", 163200, 163200, 154300, 160500, 330439, 15.23],
		
["20260225", 166600, 171800, 162700, 168200, 520936, 15.53],
		
["20260226", 169600, 172100, 166900, 170100, 346963, 15.68],
		
["20260227", 184200, 192000, 173100, 175100, 781993, 15.19],
		
["20260303", 173000, 178000, 159500, 159600, 443461, 15.28],
		
["20260304", 148900, 153900, 130000, 132900, 525030, 15.52],
		
["20260305", 148000, 157200, 144500, 146200, 337630, 15.25],
		
["20260306", 144000, 159200, 143200, 155400, 370305, 15.2],
		
["20260309", 153400, 154100, 142200, 147700, 251463, 15.06],
		
["20260310", 154600, 165900, 152300, 160000, 449687, 15.07],
		
["20260311", 167200, 167200, 155000, 157400, 261802, 14.97],
		
["20260312", 157400, 167900, 157100, 167000, 414638, 15.02],
		
["20260313", 164900, 183200, 162900, 177700, 929919, 15.26],
		
["20260316", 183000, 184200, 170400, 172400, 453228, 14.87],
		
["20260317", 174600, 175700, 169300, 170600, 275319, 14.58],
		
["20260318", 173400, 176800, 170700, 172300, 344206, 14.45],
		
["20260319", 168900, 174400, 167700, 168000, 282193, 14.42],
		
["20260320", 170100, 178300, 169000, 175500, 685396, 14.72],
		
["20260323", 171100, 171500, 160800, 161100, 253734, 14.39],
		
["20260324", 166600, 168200, 151400, 157800, 298056, 14.41],
		
["20260325", 160400, 177000, 158200, 168800, 405793, 14.59],
		
["20260326", 168500, 169300, 161500, 163900, 145476, 14.54],
		
["20260327", 159000, 159900, 150800, 157000, 205195, 14.61],
		
["20260330", 148600, 155200, 145600, 155200, 149458, 14.66],
		
["20260331", 155500, 156300, 150200, 151300, 130282, 14.52],
		
["20260401", 158300, 167900, 157500, 167300, 231461, 14.73],
		
["20260402", 168600, 171800, 154400, 156200, 260759, 14.75],
		
["20260403", 161200, 168400, 159500, 162900, 162570, 14.87],
		
["20260406", 163000, 165900, 160400, 161200, 117366, 14.86],
		
["20260407", 161700, 164900, 157000, 158100, 143294, 14.84],
		
["20260408", 165000, 174500, 165000, 172800, 356547, 15.29],
		
["20260409", 170800, 173500, 168000, 169400, 177606, 15.31],
		
["20260410", 172500, 173000, 166000, 166000, 195377, 15.22],
		
["20260413", 162900, 168300, 160000, 167200, 161542, 15.19],
		
["20260414", 170000, 174300, 168700, 173000, 305644, 15.43],
		
["20260415", 177000, 185400, 176400, 178500, 339237, 15.74],
		
["20260416", 184600, 198000, 182800, 189100, 612856, 15.96],
		
["20260417", 189500, 189500, 182500, 183000, 219908, 15.71],
		
["20260420", 185000, 186700, 178000, 179000, 248086, 15.53],
		
["20260421", 181500, 185900, 178500, 179100, 200134, 15.45],
		
["20260422", 179300, 181600, 176400, 180400, 176500, 15.43],
		
["20260423", 186300, 196700, 182500, 189200, 467293, 15.8],
		
["20260424", 188400, 196000, 186100, 194800, 313201, 15.95],
		
["20260427", 196500, 197000, 187500, 192100, 197295, 15.67],
		
["20260428", 192100, 193200, 189200, 191900, 166443, 15.67],
		
["20260429", 190300, 193300, 188300, 193300, 161805, 15.7],
		
["20260430", 192200, 192500, 187500, 188600, 160454, 15.4],
		
["20260504", 191000, 191000, 184300, 186300, 169260, 15.32],
		
["20260506", 186300, 186300, 181000, 182000, 240351, 15.44],
		
["20260507", 184200, 191800, 182600, 185400, 305783, 15.56],
		
["20260508", 181900, 181900, 169000, 173600, 388956, 15.23],
		
["20260511", 172400, 172400, 169200, 171400, 169797, 15.29],
		
["20260512", 173100, 177900, 158500, 163500, 312591, 15.15],
		
["20260513", 159500, 161000, 152400, 156000, 214025, 15.17],
		
["20260514", 159500, 160000, 150700, 154900, 239620, 15.1],
		
["20260515", 157600, 157700, 144000, 146900, 262333, 15.14],
		
["20260518", 142500, 146500, 136000, 144700, 179233, 15.29],
		
["20260519", 144600, 145000, 138300, 140000, 135604, 15.34],
		
["20260520", 138400, 140000, 132000, 135500, 222897, 15.6],
		
["20260521", 141400, 144800, 140300, 142500, 145668, 15.62],
		
["20260522", 148500, 149000, 144400, 146500, 109894, 15.54],
		
["20260526", 149300, 149800, 144100, 145900, 112860, 15.53],
		
["20260527", 147800, 147800, 141000, 141800, 105355, 15.54],
		
["20260528", 142500, 142800, 131600, 135700, 161992, 15.67],
		
["20260529", 136500, 138200, 128700, 134300, 211168, 15.78],
		
["20260601", 131800, 140300, 129800, 134400, 196899, 15.81],
		
["20260602", 131700, 133000, 125300, 127600, 174672, 15.95],
		
["20260604", 126700, 133000, 126700, 130100, 161191, 15.99],
		
["20260605", 131600, 132000, 121000, 127300, 102722, 16.01],
		
["20260608", 112900, 118300, 112000, 115300, 129198, 16.11],
		
["20260609", 115400, 120500, 115400, 120300, 138941, 16.22],
		
["20260610", 117400, 119200, 114500, 118700, 128973, 16.24],
		
["20260611", 113500, 117700, 108800, 116400, 193357, 16.4],
		
["20260612", 122500, 151300, 121500, 151300, 285648, 16.19],
		
["20260615", 142000, 142200, 131400, 135000, 398154, 15.8],
		
["20260616", 138200, 138400, 133000, 134600, 190986, 15.8],
		
["20260617", 135400, 138000, 132700, 135300, 131684, 15.85],
		
["20260618", 157300, 158700, 133300, 136700, 578065, 15.13],
		
["20260619", 134200, 134300, 120100, 123700, 422605, 15.08],
		
["20260622", 121000, 122200, 114800, 115300, 226073, 15.09],
		
["20260623", 114300, 118700, 105000, 105000, 238331, 15.23],
		
["20260624", 103500, 110800, 103000, 109300, 198615, 15.39],
		
["20260625", 109500, 112300, 105900, 106600, 111056, 15.45],
		
["20260626", 105600, 105600, 96100, 99900, 164106, 15.61],
		
["20260629", 98900, 112500, 98900, 110700, 226392, 15.49],
		
["20260630", 112100, 112600, 106900, 107900, 101143, 15.42],
		
["20260701", 113700, 115700, 109400, 113900, 131172, 15.36],
		
["20260702", 112900, 113600, 106900, 108400, 105426, 15.32],
		
["20260703", 107900, 108700, 99100, 106200, 123102, 15.31],
		
["20260706", 109800, 111200, 103000, 106900, 77631, 15.28],
		
["20260707", 105200, 105700, 98200, 101700, 122779, 15.31],
		
["20260708", 98300, 100800, 92800, 94900, 148458, 15.42],
		
["20260709", 94000, 101900, 93700, 95900, 242611, 15.42],
		
["20260710", 99500, 105700, 98000, 102200, 130837, 15.42],
		
["20260713", 102500, 105600, 95900, 97600, 95178, 15.43],
		
["20260714", 97900, 97900, 91500, 94100, 119688, 15.44],
		
["20260715", 96600, 99500, 94200, 95000, 94174, 15.4],
		
["20260716", 92900, 94900, 90500, 92700, 84418, 15.41],
		
["20260720", 89700, 90400, 86100, 87000, 105810, 15.45],
		
["20260721", 86400, 89100, 84800, 87400, 103074, 15.55],
		
["20260722", 90000, 94800, 90000, 90400, 99035, 15.57],
		
["20260723", 91000, 96700, 90700, 96100, 95897, 15.67],
		
["20260724", 96500, 103300, 95900, 99100, 222697, 15.53],
		
["20260727", 98700, 101200, 94700, 97100, 126024, 15.4],
		
["20260728", 94200, 95800, 87400, 88800, 97316, 15.32],
		
["20260729", 89500, 89900, 77100, 82400, 195986, 15.27],
		
["20260730", 81000, 85100, 79100, 79900, 150040, 15.26],
		
["20260731", 83900, 89000, 83100, 89000, 258312, 15.37],
		
["20260803", 87300, 92400, 85700, 90700, 133298, 15.5],
		
["20260804", 91100, 100000, 91100, 99000, 124343, 15.44],
		
["20260805", 101200, 103900, 99200, 102500, 111648, 15.51],
		
["20260806", 101800, 105700, 98200, 102200, 70068, 15.43],
		
["20260807", 101800, 102500, 98000, 101900, 90171, 15.34],
		
["20260810", 103000, 103500, 97900, 100900, 125363, 15.2],
		
["20260811", 100700, 101300, 98700, 99600, 67299, 15.16],
		
["20260812", 100000, 101500, 97800, 99200, 105260, 15.18],
		
["20260813", 100800, 103300, 99500, 99800, 117834, 15.27],
		
["20260814", 103900, 105600, 99700, 101000, 101395, 15.24],
		
["20260818", 99900, 100500, 95100, 96500, 89919, 15.08],
		
["20260819", 92000, 94600, 90000, 93500, 70615, 15.1],
		
["20260820", 94200, 95900, 93500, 94200, 53557, 15.11],
		
["20260821", 94800, 94800, 90100, 91500, 75632, 15.05],
		
["20260824", 91700, 91700, 88800, 90300, 100617, 15.13],
		
["20260825", 98500, 111600, 92700, 108600, 1484049, 14.39],
		
["20260826", 110200, 135400, 107600, 123400, 1874268, 14.39]
		
	

]
